[
  {
    "dimension": {
      "f_135804_": "minecraft",
      "f_135805_": "overworld"
    },
    "id": "e16a8dec-cca5-4b24-b84e-1f990ed70ead",
    "ownerID": "8b4148a7-95b4-3cf1-bf08-985717a684d3",
    "pos": {
      "f_123285_": 74,
      "f_123286_": 68,
      "f_123289_": 31
    },
    "type": 0
  },
  {
    "dimension": {
      "f_135804_": "minecraft",
      "f_135805_": "overworld"
    },
    "id": "cf39f403-3110-4038-adbd-a8ef4acee6da",
    "ownerID": "8b4148a7-95b4-3cf1-bf08-985717a684d3",
    "pos": {
      "f_123285_": -45,
      "f_123286_": -24,
      "f_123289_": 37
    },
    "type": 0
  },
  {
    "dimension": {
      "f_135804_": "minecraft",
      "f_135805_": "overworld"
    },
    "id": "0c7919e4-e664-436b-b1d0-de4e1a9cfff0",
    "ownerID": "8b4148a7-95b4-3cf1-bf08-985717a684d3",
    "pos": {
      "f_123285_": -275,
      "f_123286_": -38,
      "f_123289_": 127
    },
    "type": 0
  },
  {
    "dimension": {
      "f_135804_": "minecraft",
      "f_135805_": "overworld"
    },
    "id": "ee05ed2f-8277-4384-b64f-e19a58316ecc",
    "ownerID": "50ed8eb3-14f1-3fa8-8d1e-928b0bb2a493",
    "pos": {
      "f_123285_": -190,
      "f_123286_": -49,
      "f_123289_": 27
    },
    "type": 0
  }
]