[
  {
    "dimension": {
      "f_135804_": "minecraft",
      "f_135805_": "overworld"
    },
    "id": "e16a8dec-cca5-4b24-b84e-1f990ed70ead",
    "ownerID": "8b4148a7-95b4-3cf1-bf08-985717a684d3",
    "pos": {
      "f_123285_": 74,
      "f_123286_": 68,
      "f_123289_": 31
    },
    "type": 0
  },
  {
    "dimension": {
      "f_135804_": "minecraft",
      "f_135805_": "overworld"
    },
    "id": "c3b2b532-bc02-4a06-b0b2-2b12b5beaa8b",
    "ownerID": "0e2dcfa1-9f72-375e-80fb-412cb34b3939",
    "pos": {
      "f_123285_": 444,
      "f_123286_": 81,
      "f_123289_": 556
    },
    "type": 0
  },
  {
    "dimension": {
      "f_135804_": "minecraft",
      "f_135805_": "overworld"
    },
    "id": "f73ff660-af7f-419e-a0c8-3fd37fe91d45",
    "ownerID": "edccfff7-5086-36de-9a88-aaa5c61723a2",
    "pos": {
      "f_123285_": 35,
      "f_123286_": 104,
      "f_123289_": 139
    },
    "type": 0
  },
  {
    "dimension": {
      "f_135804_": "minecraft",
      "f_135805_": "overworld"
    },
    "id": "cf39f403-3110-4038-adbd-a8ef4acee6da",
    "ownerID": "8b4148a7-95b4-3cf1-bf08-985717a684d3",
    "pos": {
      "f_123285_": -45,
      "f_123286_": -24,
      "f_123289_": 37
    },
    "type": 0
  },
  {
    "dimension": {
      "f_135804_": "minecraft",
      "f_135805_": "overworld"
    },
    "id": "2df6bc6e-2919-4027-a1ca-b5831553d1ca",
    "ownerID": "0e2dcfa1-9f72-375e-80fb-412cb34b3939",
    "pos": {
      "f_123285_": -170,
      "f_123286_": 101,
      "f_123289_": -30
    },
    "type": 0
  },
  {
    "dimension": {
      "f_135804_": "minecraft",
      "f_135805_": "overworld"
    },
    "id": "e60bc68b-bc23-4087-bad8-206b9a791f77",
    "ownerID": "edccfff7-5086-36de-9a88-aaa5c61723a2",
    "pos": {
      "f_123285_": 4,
      "f_123286_": 101,
      "f_123289_": 102
    },
    "type": 0
  },
  {
    "dimension": {
      "f_135804_": "minecraft",
      "f_135805_": "overworld"
    },
    "id": "0c7919e4-e664-436b-b1d0-de4e1a9cfff0",
    "ownerID": "8b4148a7-95b4-3cf1-bf08-985717a684d3",
    "pos": {
      "f_123285_": -275,
      "f_123286_": -38,
      "f_123289_": 127
    },
    "type": 0
  },
  {
    "dimension": {
      "f_135804_": "minecraft",
      "f_135805_": "overworld"
    },
    "id": "ee05ed2f-8277-4384-b64f-e19a58316ecc",
    "ownerID": "50ed8eb3-14f1-3fa8-8d1e-928b0bb2a493",
    "pos": {
      "f_123285_": -190,
      "f_123286_": -49,
      "f_123289_": 27
    },
    "type": 0
  },
  {
    "dimension": {
      "f_135804_": "minecraft",
      "f_135805_": "overworld"
    },
    "id": "3f0e9f76-07ee-4666-bd92-af68df94f075",
    "ownerID": "1959b9b2-a7c2-31c8-84f3-7141bb185d64",
    "pos": {
      "f_123285_": 44,
      "f_123286_": 103,
      "f_123289_": -397
    },
    "type": 0
  },
  {
    "dimension": {
      "f_135804_": "minecraft",
      "f_135805_": "overworld"
    },
    "id": "43a242f1-e403-43b7-aab6-3bd5dd1ff1c0",
    "ownerID": "1959b9b2-a7c2-31c8-84f3-7141bb185d64",
    "pos": {
      "f_123285_": 419,
      "f_123286_": 70,
      "f_123289_": 393
    },
    "type": 0
  },
  {
    "dimension": {
      "f_135804_": "minecraft",
      "f_135805_": "overworld"
    },
    "id": "32634f01-7344-4b59-8abc-3db876cc5702",
    "ownerID": "edccfff7-5086-36de-9a88-aaa5c61723a2",
    "pos": {
      "f_123285_": 5,
      "f_123286_": 98,
      "f_123289_": 102
    },
    "type": 0
  },
  {
    "dimension": {
      "f_135804_": "minecraft",
      "f_135805_": "overworld"
    },
    "id": "a8864b1b-5e86-481a-a4c4-6be478e66181",
    "ownerID": "8b4148a7-95b4-3cf1-bf08-985717a684d3",
    "pos": {
      "f_123285_": 828,
      "f_123286_": 70,
      "f_123289_": 780
    },
    "type": 0
  }
]