{"stats":{"minecraft:used":{"minecraft:oak_trapdoor":4,"minecraft:iron_shovel":487,"minecraft:chest":2,"minecraft:spruce_planks":584,"minecraft:shield":13,"minecraft:iron_sword":249,"minecraft:bell":1,"minecraft:torch":136,"minecraft:dirt":208,"minecraft:anvil":1,"minecraft:spruce_stairs":14,"minecraft:carrot":6,"minecraft:golden_chestplate":1,"minecraft:beehive":1,"minecraft:glass":36,"minecraft:iron_hoe":164,"minecraft:iron_axe":579,"minecraft:stone_bricks":1,"minecraft:furnace":4,"tombstone:gift":5,"minecraft:stone_pressure_plate":6,"minecraft:potato":658,"minecraft:cooked_beef":13,"minecraft:cobbled_deepslate":9,"minecraft:pumpkin":1,"minecraft:golden_axe":32,"sophisticatedbackpacks:gold_backpack":1,"minecraft:golden_boots":1,"minecraft:water_bucket":2,"minecraft:mossy_stone_bricks":1,"minecraft:spruce_door":12,"minecraft:stone_pickaxe":22,"minecraft:baked_potato":38,"minecraft:oak_planks":51,"minecraft:wooden_pickaxe":7,"minecraft:sugar_cane":6,"minecraft:diamond_axe":1415,"minecraft:golden_apple":3,"minecraft:mossy_cobblestone":2,"minecraft:sand":24,"minecraft:crafting_table":8,"minecraft:mushroom_stew":2,"minecraft:white_bed":2,"minecraft:spruce_log":308,"minecraft:apple":1,"minecraft:bread":14,"minecraft:iron_pickaxe":122,"minecraft:spruce_pressure_plate":4,"minecraft:lectern":11,"minecraft:gravel":90,"minecraft:spruce_sapling":163,"minecraft:stone_axe":339,"minecraft:potion":1,"minecraft:smithing_table":2,"minecraft:bucket":3,"alexsmobs:animal_dictionary":1,"minecraft:bone_meal":105},"minecraft:custom":{"minecraft:interact_with_smithing_table":2,"minecraft:interact_with_anvil":7,"minecraft:mob_kills":79,"minecraft:interact_with_crafting_table":46,"minecraft:open_barrel":46,"minecraft:bell_ring":1,"minecraft:eat_cake_slice":4,"minecraft:damage_dealt_resisted":8,"minecraft:leave_game":2,"minecraft:time_since_death":301114,"minecraft:climb_one_cm":521,"minecraft:sprint_one_cm":1013137,"minecraft:walk_one_cm":1222989,"minecraft:damage_blocked_by_shield":763,"minecraft:drop":148,"minecraft:damage_dealt_absorbed":81,"minecraft:talked_to_villager":166,"minecraft:play_time":365363,"minecraft:sneak_time":13121,"minecraft:deaths":12,"minecraft:walk_under_water_one_cm":35848,"minecraft:jump":3929,"minecraft:interact_with_blast_furnace":2,"minecraft:walk_on_water_one_cm":28596,"minecraft:total_world_time":365363,"minecraft:interact_with_furnace":54,"minecraft:traded_with_villager":409,"minecraft:interact_with_grindstone":1,"minecraft:sleep_in_bed":13,"minecraft:time_since_rest":9344,"minecraft:waystone_activated":1,"minecraft:damage_taken":5821,"minecraft:damage_absorbed":79,"minecraft:trigger_trapped_chest":1,"minecraft:damage_dealt":21230,"minecraft:swim_one_cm":53748,"minecraft:fly_one_cm":832483,"minecraft:player_kills":1,"minecraft:open_chest":114,"minecraft:crouch_one_cm":47861,"tombstone:undead_killed":61,"minecraft:fall_one_cm":112506},"minecraft:crafted":{"minecraft:oak_planks":36,"minecraft:diamond_hoe":6,"minecraft:furnace":4,"minecraft:stone":14,"minecraft:mushroom_stew":2,"minecraft:bone_meal":105,"minecraft:spruce_pressure_plate":2,"minecraft:oak_trapdoor":4,"minecraft:glass":36,"minecraft:spruce_stairs":40,"minecraft:bow":1,"minecraft:iron_axe":3,"minecraft:iron_hoe":1,"minecraft:stone_pickaxe":37,"minecraft:stone_pressure_plate":2,"minecraft:chest":4,"sophisticatedbackpacks:iron_backpack":2,"minecraft:wheat":9,"minecraft:cooked_beef":3,"minecraft:golden_axe":1,"minecraft:emerald":317,"sophisticatedbackpacks:backpack":2,"minecraft:diamond_axe":3,"minecraft:crafting_table":5,"minecraft:spruce_planks":5640,"minecraft:wooden_pickaxe":1,"minecraft:baked_potato":132,"minecraft:spruce_door":3,"minecraft:smithing_table":1,"sophisticatedbackpacks:gold_backpack":2,"minecraft:bucket":1,"minecraft:stone_axe":37,"minecraft:enchanted_book":5,"minecraft:bread":3,"minecraft:air":0,"minecraft:iron_pickaxe":3,"minecraft:stick":10056,"minecraft:iron_block":3,"minecraft:anvil":1,"minecraft:torch":24},"minecraft:killed":{"minecraft:cave_spider":1,"irons_spellbooks:summoned_zombie":3,"graveyard:nightmare":1,"alexsmobs:raccoon":1,"minecraft:spider":1,"minecraft:skeleton":10,"irons_spellbooks:summoned_skeleton":3,"minecraft:skeleton_horse":1,"minecraft:iron_golem":8,"irons_spellbooks:necromancer":1,"minecraft:creeper":1,"minecraft:zombie":37,"iceandfire:ghost":2,"minecraft:stray":3,"minecraft:wither_skeleton":1,"minecraft:cow":2},"minecraft:killed_by":{"minecraft:stray":2,"irons_spellbooks:necromancer":1,"irons_spellbooks:dead_king":6,"minecraft:skeleton":3},"minecraft:mined":{"minecraft:spruce_planks":85,"minecraft:stone_pressure_plate":2,"minecraft:white_bed":2,"minecraft:mossy_cobblestone":1,"sophisticatedbackpacks:gold_backpack":1,"minecraft:light_blue_carpet":1,"minecraft:grass_block":148,"minecraft:deepslate_bricks":2,"minecraft:coal_block":8,"iceandfire:chared_dirt":4,"minecraft:spruce_leaves":1,"minecraft:spawner":18,"iceandfire:chared_grass":1,"minecraft:hay_block":1,"minecraft:oak_trapdoor":1,"minecraft:carrots":1,"minecraft:spruce_sapling":3,"minecraft:iron_ore":1,"minecraft:barrel":3,"minecraft:cobbled_deepslate":2,"minecraft:stripped_spruce_log":12,"minecraft:nether_brick_stairs":2,"minecraft:bell":1,"minecraft:mossy_stone_brick_stairs":1,"minecraft:bookshelf":24,"minecraft:potatoes":403,"minecraft:polished_deepslate_slab":2,"minecraft:dirt_path":1,"minecraft:iron_bars":10,"irons_spellbooks:inscription_table":2,"minecraft:stone":53,"minecraft:smithing_table":1,"minecraft:podzol":71,"minecraft:quartz_block":5,"minecraft:polished_deepslate_stairs":1,"minecraft:dandelion":1,"minecraft:spruce_door":8,"minecraft:crafting_table":3,"minecraft:torch":1,"minecraft:lectern":14,"minecraft:oak_planks":17,"minecraft:sugar_cane":12,"minecraft:wall_torch":1,"minecraft:spruce_stairs":2,"minecraft:beehive":1,"minecraft:spruce_log":1977,"minecraft:grass":61,"minecraft:oak_log":4,"minecraft:gravel":112,"minecraft:dirt":66,"minecraft:sand":61,"minecraft:cracked_stone_bricks":2,"minecraft:stone_bricks":4,"minecraft:polished_andesite":3,"minecraft:mossy_stone_bricks":3,"minecraft:oak_leaves":2,"minecraft:deepslate":1},"minecraft:picked_up":{"sophisticatedbackpacks:gold_backpack":1,"minecraft:crafting_table":3,"iceandfire:witherbone":1,"minecraft:smithing_table":1,"minecraft:string":9,"minecraft:oak_trapdoor":1,"minecraft:iron_shovel":1,"graveyard:corruption":3,"minecraft:cracked_stone_bricks":2,"irons_spellbooks:arcane_essence":3,"minecraft:cobbled_deepslate":12,"minecraft:spruce_planks":83,"minecraft:beef":5,"minecraft:iron_pickaxe":1,"minecraft:poppy":7,"alexsmobs:raccoon_tail":1,"minecraft:lectern":14,"minecraft:coal_block":8,"minecraft:sugar_cane":18,"irons_spellbooks:inscription_table":2,"minecraft:spruce_pressure_plate":2,"minecraft:beehive":1,"minecraft:stick":170,"minecraft:raw_iron":1,"minecraft:polished_deepslate_slab":1,"minecraft:composter":1,"minecraft:oak_fence":4,"minecraft:torch":16,"iceandfire:chared_grass":1,"minecraft:spruce_stairs":2,"minecraft:pointed_dripstone":3,"tombstone:grave_dust":11,"minecraft:carrot":1,"minecraft:stone_pressure_plate":4,"minecraft:quartz_block":4,"minecraft:arrow":10,"minecraft:rotten_flesh":35,"iceandfire:chared_dirt":4,"minecraft:deepslate_bricks":2,"minecraft:hay_block":1,"sophisticatedbackpacks:copper_backpack":1,"minecraft:iron_bars":19,"minecraft:cobblestone":52,"minecraft:oxeye_daisy":1,"minecraft:leather_chestplate":1,"minecraft:air":0,"minecraft:leather":10,"minecraft:potato":1455,"minecraft:flint":10,"minecraft:oak_log":9,"minecraft:chainmail_chestplate":1,"minecraft:golden_boots":1,"skilltree:gem":2,"minecraft:dirt":320,"tombstone:gift":1,"minecraft:bone":75,"minecraft:stone_bricks":3,"minecraft:wheat_seeds":10,"minecraft:bell":1,"minecraft:iron_ingot":55,"minecraft:stone_pickaxe":2,"minecraft:cobweb":10,"minecraft:mossy_stone_bricks":2,"minecraft:oak_planks":19,"minecraft:mossy_stone_brick_stairs":1,"minecraft:book":72,"irons_spellbooks:frozen_bone":9,"minecraft:dandelion":4,"minecraft:poisonous_potato":8,"minecraft:gravel":102,"minecraft:sand":60,"minecraft:stripped_spruce_log":12,"minecraft:spruce_sapling":203,"minecraft:nether_brick_stairs":2,"minecraft:white_bed":2,"minecraft:spruce_log":1912,"minecraft:spruce_door":10,"minecraft:spider_eye":1,"minecraft:barrel":3,"minecraft:mossy_cobblestone":2,"minecraft:bundle":2,"minecraft:writable_book":1,"minecraft:emerald":54,"minecraft:golden_apple":1,"minecraft:bread":11,"minecraft:oak_sapling":4,"minecraft:coal":18,"minecraft:ender_pearl":2},"minecraft:broken":{"minecraft:golden_axe":1,"minecraft:iron_axe":2,"minecraft:iron_sword":1},"minecraft:dropped":{"minecraft:golden_boots":2,"minecraft:iron_ingot":8,"minecraft:wheat_seeds":9,"minecraft:diamond_axe":1,"minecraft:baked_potato":32,"minecraft:glass_bottle":1,"minecraft:poisonous_potato":3,"minecraft:oak_fence":4,"iceandfire:chared_dirt":4,"minecraft:leather":2,"minecraft:mossy_stone_brick_stairs":1,"minecraft:cracked_stone_bricks":1,"minecraft:spruce_stairs":28,"minecraft:golden_apple":1,"minecraft:coal":34,"minecraft:stick":24,"minecraft:red_mushroom":2,"minecraft:flint":10,"minecraft:oxeye_daisy":1,"tombstone:grave_dust":6,"minecraft:iron_leggings":1,"minecraft:iron_axe":1,"minecraft:iron_pickaxe":3,"minecraft:string":7,"alexsmobs:raccoon_tail":1,"minecraft:dandelion":4,"minecraft:gold_ingot":8,"minecraft:bone":96,"minecraft:stone_axe":32,"minecraft:diamond_hoe":2,"minecraft:pointed_dripstone":10,"minecraft:polished_deepslate_slab":1,"minecraft:rotten_flesh":21,"minecraft:oak_planks":64,"minecraft:carrot":11,"minecraft:chainmail_chestplate":1,"minecraft:deepslate_bricks":2,"minecraft:poppy":7,"minecraft:spruce_planks":11,"minecraft:bundle":1,"minecraft:mossy_stone_bricks":1,"minecraft:oak_sapling":4,"minecraft:spider_eye":3,"minecraft:slime_ball":4,"minecraft:iron_bars":14,"sophisticatedbackpacks:copper_backpack":1,"minecraft:arrow":4,"minecraft:beef":2,"minecraft:stone_pickaxe":40,"minecraft:wooden_pickaxe":1,"iceandfire:chared_grass":1,"minecraft:lectern":3}},"DataVersion":3120}