{"stats":{"minecraft:mined":{"minecraft:stone_pressure_plate":2,"minecraft:spruce_planks":135,"minecraft:white_bed":2,"sophisticatedbackpacks:gold_backpack":1,"minecraft:light_blue_carpet":1,"minecraft:spruce_trapdoor":2,"minecraft:grass_block":168,"minecraft:coal_block":8,"minecraft:deepslate_bricks":2,"minecraft:spawner":18,"minecraft:iron_ore":1,"minecraft:cobbled_deepslate":2,"minecraft:barrel":3,"minecraft:nether_brick_stairs":2,"minecraft:polished_deepslate_slab":2,"minecraft:dirt_path":1,"minecraft:iron_bars":10,"minecraft:tripwire":22,"minecraft:quartz_block":5,"minecraft:polished_deepslate_stairs":1,"minecraft:torch":1,"minecraft:sugar_cane":12,"minecraft:oak_planks":17,"minecraft:wall_torch":5,"minecraft:grass":69,"minecraft:oak_log":4,"minecraft:sand":61,"minecraft:dirt":66,"minecraft:tripwire_hook":4,"minecraft:oak_leaves":2,"minecraft:deepslate":1,"minecraft:mossy_cobblestone":1,"minecraft:lever":1,"iceandfire:chared_dirt":4,"minecraft:spruce_leaves":6,"iceandfire:chared_grass":1,"minecraft:hay_block":1,"minecraft:oak_trapdoor":1,"minecraft:spruce_sapling":3,"minecraft:carrots":1,"minecraft:stripped_spruce_log":12,"minecraft:bell":1,"minecraft:mossy_stone_brick_stairs":1,"minecraft:bookshelf":24,"minecraft:potatoes":403,"irons_spellbooks:inscription_table":2,"minecraft:stone":53,"minecraft:podzol":71,"minecraft:smithing_table":1,"minecraft:spruce_door":8,"minecraft:dandelion":1,"minecraft:crafting_table":3,"minecraft:lectern":14,"minecraft:spruce_stairs":2,"minecraft:beehive":1,"minecraft:spruce_log":2573,"minecraft:gravel":112,"minecraft:cracked_stone_bricks":2,"minecraft:polished_andesite":3,"minecraft:stone_bricks":4,"minecraft:mossy_stone_bricks":3},"minecraft:killed":{"alexsmobs:hummingbird":1,"minecraft:cave_spider":1,"minecraft:spider":1,"minecraft:skeleton":11,"irons_spellbooks:summoned_skeleton":3,"minecraft:skeleton_horse":1,"minecraft:iron_golem":8,"irons_spellbooks:necromancer":1,"minecraft:creeper":1,"minecraft:pillager":1,"minecraft:zombie":37,"minecraft:stray":3,"minecraft:cow":2,"irons_spellbooks:summoned_zombie":3,"graveyard:nightmare":1,"alexsmobs:raccoon":1,"iceandfire:ghost":4,"minecraft:wither_skeleton":1},"minecraft:picked_up":{"minecraft:smithing_table":1,"minecraft:string":49,"irons_spellbooks:arcane_essence":3,"minecraft:cobbled_deepslate":12,"minecraft:spruce_planks":132,"minecraft:iron_pickaxe":1,"alexsmobs:raccoon_tail":1,"minecraft:coal_block":8,"irons_spellbooks:inscription_table":2,"minecraft:tipped_arrow":5,"minecraft:stick":212,"minecraft:spruce_pressure_plate":2,"minecraft:beehive":1,"minecraft:composter":1,"minecraft:oak_fence":4,"minecraft:torch":24,"minecraft:spruce_stairs":2,"tombstone:grave_dust":13,"minecraft:pointed_dripstone":3,"minecraft:quartz_block":4,"minecraft:rotten_flesh":35,"minecraft:iron_bars":19,"minecraft:cobblestone":55,"minecraft:leather_chestplate":1,"minecraft:potato":1455,"minecraft:flint":10,"skilltree:gem":2,"minecraft:dirt":340,"minecraft:bone":77,"minecraft:bow":1,"minecraft:wheat_seeds":14,"minecraft:bell":1,"minecraft:mossy_stone_bricks":2,"minecraft:mossy_stone_brick_stairs":1,"minecraft:oak_planks":19,"minecraft:cooked_porkchop":3,"irons_spellbooks:frozen_bone":9,"minecraft:poisonous_potato":8,"minecraft:sand":60,"minecraft:stripped_spruce_log":12,"minecraft:nether_brick_stairs":2,"minecraft:barrel":3,"minecraft:mossy_cobblestone":2,"minecraft:bundle":2,"minecraft:lever":2,"minecraft:writable_book":1,"minecraft:golden_apple":1,"minecraft:emerald":55,"minecraft:bread":11,"minecraft:oak_sapling":4,"sophisticatedbackpacks:gold_backpack":1,"minecraft:crafting_table":3,"iceandfire:witherbone":1,"minecraft:oak_trapdoor":1,"minecraft:iron_shovel":1,"graveyard:corruption":3,"minecraft:cracked_stone_bricks":2,"minecraft:beef":5,"minecraft:poppy":8,"minecraft:lectern":14,"minecraft:sugar_cane":18,"minecraft:spruce_trapdoor":2,"minecraft:raw_iron":33,"minecraft:polished_deepslate_slab":1,"iceandfire:chared_grass":1,"minecraft:carrot":1,"minecraft:stone_pressure_plate":4,"minecraft:arrow":24,"iceandfire:chared_dirt":4,"minecraft:deepslate_bricks":2,"minecraft:hay_block":1,"sophisticatedbackpacks:copper_backpack":1,"minecraft:oxeye_daisy":1,"minecraft:air":0,"minecraft:tripwire_hook":5,"minecraft:leather":10,"minecraft:oak_log":9,"minecraft:chainmail_chestplate":1,"iceandfire:ectoplasm":1,"minecraft:golden_boots":1,"minecraft:white_banner":1,"tombstone:gift":1,"minecraft:stone_bricks":3,"minecraft:iron_ingot":67,"minecraft:stone_pickaxe":2,"minecraft:cobweb":10,"minecraft:book":72,"minecraft:dandelion":4,"minecraft:gravel":102,"minecraft:spruce_sapling":253,"minecraft:white_bed":2,"minecraft:spruce_log":2498,"minecraft:spruce_door":10,"minecraft:spider_eye":2,"minecraft:coal":18,"minecraft:ender_pearl":2},"minecraft:dropped":{"minecraft:diamond_axe":1,"minecraft:baked_potato":90,"minecraft:glass_bottle":1,"iceandfire:chared_dirt":4,"minecraft:leather":2,"minecraft:mossy_stone_brick_stairs":1,"minecraft:cracked_stone_bricks":1,"minecraft:red_mushroom":2,"minecraft:flint":10,"minecraft:iron_pickaxe":4,"alexsmobs:raccoon_tail":1,"minecraft:gold_ingot":8,"minecraft:bone":96,"minecraft:stone_axe":32,"minecraft:pointed_dripstone":10,"minecraft:rotten_flesh":21,"minecraft:oak_planks":64,"minecraft:carrot":11,"minecraft:chainmail_chestplate":1,"minecraft:poppy":8,"minecraft:tipped_arrow":2,"minecraft:iron_bars":14,"minecraft:arrow":4,"minecraft:beef":2,"iceandfire:chared_grass":1,"minecraft:lectern":3,"minecraft:iron_ingot":8,"minecraft:golden_boots":2,"minecraft:wheat_seeds":9,"minecraft:poisonous_potato":3,"minecraft:oak_fence":4,"minecraft:spruce_stairs":28,"minecraft:coal":34,"minecraft:golden_apple":1,"minecraft:stick":24,"minecraft:oxeye_daisy":1,"minecraft:torch":6,"tombstone:grave_dust":6,"minecraft:iron_leggings":1,"minecraft:iron_axe":1,"minecraft:string":7,"minecraft:dandelion":4,"minecraft:diamond_hoe":6,"minecraft:polished_deepslate_slab":1,"minecraft:deepslate_bricks":2,"minecraft:bundle":1,"minecraft:spruce_planks":11,"minecraft:mossy_stone_bricks":1,"minecraft:oak_sapling":4,"minecraft:spider_eye":3,"minecraft:slime_ball":4,"sophisticatedbackpacks:copper_backpack":1,"minecraft:bow":1,"minecraft:stone_pickaxe":40,"minecraft:wooden_pickaxe":1},"minecraft:used":{"minecraft:iron_shovel":501,"minecraft:shield":13,"minecraft:chest":2,"minecraft:iron_sword":249,"minecraft:bell":1,"minecraft:carrot":6,"minecraft:beehive":1,"minecraft:glass":36,"minecraft:stone_bricks":1,"minecraft:bow":3,"minecraft:furnace":4,"minecraft:potato":658,"minecraft:golden_boots":1,"minecraft:mossy_stone_bricks":1,"minecraft:spruce_door":12,"minecraft:stone_pickaxe":22,"minecraft:oak_planks":51,"minecraft:wooden_pickaxe":7,"minecraft:diamond_axe":2108,"minecraft:sugar_cane":6,"minecraft:golden_apple":3,"minecraft:sand":24,"minecraft:mushroom_stew":2,"minecraft:shears":15,"minecraft:lever":3,"minecraft:bread":14,"minecraft:string":40,"minecraft:lectern":11,"minecraft:gravel":90,"minecraft:smithing_table":2,"minecraft:bone_meal":105,"minecraft:oak_trapdoor":4,"minecraft:spruce_planks":718,"minecraft:torch":138,"minecraft:dirt":208,"minecraft:anvil":1,"minecraft:spruce_stairs":14,"minecraft:golden_chestplate":1,"minecraft:iron_hoe":164,"minecraft:iron_axe":579,"minecraft:tripwire_hook":7,"tombstone:gift":5,"minecraft:stone_pressure_plate":6,"minecraft:cooked_beef":13,"minecraft:cobbled_deepslate":9,"minecraft:pumpkin":1,"minecraft:golden_axe":32,"sophisticatedbackpacks:gold_backpack":1,"minecraft:water_bucket":9,"minecraft:baked_potato":49,"minecraft:mossy_cobblestone":2,"minecraft:crafting_table":9,"minecraft:white_bed":2,"minecraft:spruce_log":308,"minecraft:diamond_pickaxe":8,"minecraft:apple":1,"minecraft:iron_pickaxe":122,"minecraft:spruce_pressure_plate":4,"minecraft:spruce_trapdoor":4,"minecraft:spruce_sapling":187,"minecraft:stone_axe":339,"minecraft:potion":1,"minecraft:white_banner":1,"minecraft:bucket":9,"alexsmobs:animal_dictionary":1},"minecraft:killed_by":{"minecraft:stray":2,"irons_spellbooks:necromancer":1,"irons_spellbooks:dead_king":6,"minecraft:skeleton":3},"minecraft:custom":{"minecraft:interact_with_crafting_table":50,"minecraft:open_barrel":46,"minecraft:bell_ring":1,"minecraft:eat_cake_slice":4,"minecraft:leave_game":2,"minecraft:time_since_death":371912,"minecraft:sprint_one_cm":1172362,"minecraft:damage_blocked_by_shield":763,"minecraft:drop":165,"minecraft:talked_to_villager":245,"minecraft:play_time":436161,"minecraft:deaths":12,"minecraft:jump":4835,"minecraft:walk_on_water_one_cm":43732,"minecraft:interact_with_furnace":60,"minecraft:traded_with_villager":628,"minecraft:sleep_in_bed":18,"minecraft:waystone_activated":1,"minecraft:damage_dealt":22547,"minecraft:player_kills":1,"minecraft:crouch_one_cm":52346,"tombstone:undead_killed":64,"minecraft:horse_one_cm":1330,"minecraft:interact_with_smithing_table":2,"minecraft:mob_kills":85,"minecraft:interact_with_anvil":7,"minecraft:damage_dealt_resisted":8,"minecraft:climb_one_cm":521,"minecraft:walk_one_cm":1384843,"minecraft:damage_dealt_absorbed":81,"minecraft:raid_win":1,"minecraft:sneak_time":15113,"minecraft:walk_under_water_one_cm":39272,"minecraft:interact_with_blast_furnace":2,"minecraft:total_world_time":436161,"tombstone:raider_killed":1,"minecraft:interact_with_grindstone":1,"minecraft:time_since_rest":12180,"minecraft:damage_taken":5902,"minecraft:damage_absorbed":79,"minecraft:trigger_trapped_chest":1,"minecraft:swim_one_cm":60071,"minecraft:fly_one_cm":1005486,"minecraft:open_chest":120,"minecraft:fall_one_cm":137729},"minecraft:broken":{"minecraft:iron_shovel":1,"minecraft:iron_sword":1,"minecraft:golden_axe":1,"minecraft:iron_axe":2},"minecraft:crafted":{"minecraft:oak_planks":36,"minecraft:stone":14,"minecraft:lever":1,"minecraft:spruce_pressure_plate":2,"minecraft:glass":36,"minecraft:bow":1,"minecraft:stone_pressure_plate":2,"minecraft:chest":4,"minecraft:golden_axe":1,"sophisticatedbackpacks:backpack":2,"minecraft:emerald":530,"minecraft:diamond_axe":5,"minecraft:crafting_table":6,"minecraft:spruce_planks":7776,"minecraft:baked_potato":165,"minecraft:wooden_pickaxe":1,"minecraft:spruce_door":3,"minecraft:smithing_table":1,"minecraft:spruce_trapdoor":2,"minecraft:diamond_pickaxe":1,"minecraft:stick":13836,"minecraft:iron_pickaxe":3,"minecraft:iron_ingot":13,"minecraft:iron_block":3,"minecraft:shears":1,"minecraft:tripwire_hook":2,"minecraft:diamond_hoe":9,"minecraft:furnace":4,"minecraft:mushroom_stew":2,"minecraft:bone_meal":105,"minecraft:oak_trapdoor":4,"minecraft:spruce_stairs":40,"minecraft:iron_axe":3,"minecraft:iron_hoe":1,"minecraft:stone_pickaxe":37,"minecraft:wheat":9,"sophisticatedbackpacks:iron_backpack":2,"minecraft:cooked_beef":11,"sophisticatedbackpacks:gold_backpack":2,"minecraft:bucket":1,"minecraft:stone_axe":37,"minecraft:enchanted_book":5,"minecraft:bread":3,"minecraft:air":0,"minecraft:anvil":1,"minecraft:torch":24}},"DataVersion":3120}