{"stats":{"minecraft:mined":{"minecraft:light_blue_carpet":1,"minecraft:oak_planks":2,"minecraft:spawner":10,"minecraft:grass":1,"minecraft:mossy_stone_brick_stairs":1,"minecraft:bookshelf":3,"minecraft:oak_log":4,"minecraft:iron_bars":6,"minecraft:cracked_stone_bricks":1,"minecraft:stone_bricks":1,"irons_spellbooks:inscription_table":1,"minecraft:polished_andesite":3,"minecraft:stone":2,"minecraft:mossy_stone_bricks":2},"minecraft:custom":{"minecraft:mob_kills":15,"minecraft:interact_with_crafting_table":1,"minecraft:eat_cake_slice":4,"minecraft:time_since_death":14592,"minecraft:climb_one_cm":521,"minecraft:time_since_rest":14430,"minecraft:sprint_one_cm":262766,"minecraft:walk_one_cm":162485,"minecraft:damage_taken":2084,"minecraft:damage_absorbed":40,"minecraft:damage_blocked_by_shield":648,"minecraft:drop":9,"minecraft:damage_dealt":2649,"minecraft:swim_one_cm":5075,"minecraft:fly_one_cm":68462,"minecraft:open_chest":53,"minecraft:crouch_one_cm":422,"minecraft:play_time":38807,"tombstone:undead_killed":14,"minecraft:deaths":5,"minecraft:sneak_time":168,"minecraft:walk_under_water_one_cm":5309,"minecraft:jump":369,"minecraft:walk_on_water_one_cm":3863,"minecraft:total_world_time":38807,"minecraft:fall_one_cm":4281},"minecraft:killed_by":{"irons_spellbooks:necromancer":1,"minecraft:skeleton":2,"minecraft:stray":2},"minecraft:used":{"minecraft:golden_boots":1,"minecraft:mossy_stone_bricks":1,"minecraft:stone_pickaxe":22,"minecraft:wooden_pickaxe":7,"minecraft:shield":11,"minecraft:iron_sword":36,"minecraft:torch":39,"minecraft:golden_apple":2,"minecraft:crafting_table":1,"minecraft:mushroom_stew":2,"minecraft:golden_chestplate":1,"minecraft:iron_pickaxe":15,"minecraft:stone_bricks":1,"minecraft:stone_axe":11,"minecraft:potion":1,"tombstone:gift":2,"alexsmobs:animal_dictionary":1,"minecraft:cooked_beef":5,"minecraft:pumpkin":1},"minecraft:killed":{"minecraft:cave_spider":1,"minecraft:skeleton":3,"minecraft:zombie":7,"minecraft:stray":3,"minecraft:wither_skeleton":1},"minecraft:crafted":{"minecraft:oak_planks":16,"minecraft:crafting_table":1,"minecraft:wooden_pickaxe":1,"minecraft:mushroom_stew":2,"minecraft:stick":4},"minecraft:picked_up":{"minecraft:leather_chestplate":1,"iceandfire:witherbone":1,"minecraft:oak_log":4,"minecraft:bone":4,"minecraft:stone_bricks":1,"minecraft:cracked_stone_bricks":1,"minecraft:stone_pickaxe":1,"minecraft:mossy_stone_bricks":1,"minecraft:oak_planks":2,"irons_spellbooks:inscription_table":1,"minecraft:mossy_stone_brick_stairs":1,"minecraft:book":9,"irons_spellbooks:frozen_bone":9,"minecraft:torch":4,"tombstone:grave_dust":4,"minecraft:spider_eye":1,"minecraft:arrow":6,"minecraft:rotten_flesh":6,"minecraft:iron_bars":7,"minecraft:coal":1},"minecraft:dropped":{"minecraft:glass_bottle":1,"minecraft:rotten_flesh":2,"minecraft:mossy_stone_brick_stairs":1,"minecraft:cracked_stone_bricks":1,"minecraft:red_mushroom":2,"minecraft:spider_eye":3,"minecraft:iron_bars":2,"minecraft:stone_pickaxe":1,"minecraft:wooden_pickaxe":1}},"DataVersion":3120}