{"stats":{"minecraft:mined":{"minecraft:grass":1,"minecraft:oak_log":4},"minecraft:custom":{"minecraft:jump":56,"minecraft:time_since_rest":2807,"minecraft:damage_taken":30,"minecraft:walk_on_water_one_cm":591,"minecraft:sprint_one_cm":7772,"minecraft:play_time":2807,"minecraft:time_since_death":2807,"minecraft:walk_one_cm":10731,"minecraft:sneak_time":6,"minecraft:total_world_time":2807,"minecraft:walk_under_water_one_cm":218,"minecraft:interact_with_crafting_table":1,"minecraft:swim_one_cm":1839,"minecraft:fall_one_cm":1881,"minecraft:fly_one_cm":12851},"minecraft:used":{"alexsmobs:animal_dictionary":1,"minecraft:crafting_table":1},"minecraft:crafted":{"minecraft:crafting_table":1,"minecraft:stick":4,"minecraft:oak_planks":16,"minecraft:wooden_pickaxe":1},"minecraft:picked_up":{"minecraft:oak_log":4}},"DataVersion":3120}