{"stats":{"minecraft:broken":{"minecraft:golden_axe":1,"minecraft:iron_axe":1},"minecraft:mined":{"minecraft:stone_pressure_plate":2,"minecraft:spruce_planks":77,"minecraft:white_bed":2,"minecraft:mossy_cobblestone":1,"sophisticatedbackpacks:gold_backpack":1,"minecraft:light_blue_carpet":1,"minecraft:grass_block":148,"minecraft:deepslate_bricks":2,"minecraft:coal_block":8,"iceandfire:chared_dirt":4,"minecraft:spruce_leaves":1,"minecraft:spawner":18,"iceandfire:chared_grass":1,"minecraft:hay_block":1,"minecraft:oak_trapdoor":1,"minecraft:carrots":1,"minecraft:iron_ore":1,"minecraft:cobbled_deepslate":2,"minecraft:barrel":3,"minecraft:stripped_spruce_log":12,"minecraft:nether_brick_stairs":2,"minecraft:bell":1,"minecraft:mossy_stone_brick_stairs":1,"minecraft:bookshelf":24,"minecraft:potatoes":85,"minecraft:polished_deepslate_slab":2,"minecraft:iron_bars":10,"irons_spellbooks:inscription_table":2,"minecraft:stone":53,"minecraft:podzol":71,"minecraft:quartz_block":5,"minecraft:polished_deepslate_stairs":1,"minecraft:spruce_door":8,"minecraft:crafting_table":3,"minecraft:torch":1,"minecraft:lectern":6,"minecraft:sugar_cane":2,"minecraft:oak_planks":17,"minecraft:wall_torch":1,"minecraft:spruce_stairs":2,"minecraft:beehive":1,"minecraft:spruce_log":636,"minecraft:grass":18,"minecraft:oak_log":4,"minecraft:sand":61,"minecraft:dirt":66,"minecraft:gravel":112,"minecraft:cracked_stone_bricks":2,"minecraft:polished_andesite":3,"minecraft:stone_bricks":4,"minecraft:mossy_stone_bricks":3,"minecraft:oak_leaves":2,"minecraft:deepslate":1},"minecraft:custom":{"minecraft:mob_kills":59,"minecraft:interact_with_crafting_table":40,"minecraft:open_barrel":46,"minecraft:bell_ring":1,"minecraft:damage_dealt_resisted":8,"minecraft:eat_cake_slice":4,"minecraft:time_since_death":184558,"minecraft:climb_one_cm":521,"minecraft:sprint_one_cm":671347,"minecraft:walk_one_cm":879412,"minecraft:damage_blocked_by_shield":648,"minecraft:drop":51,"minecraft:damage_dealt_absorbed":81,"minecraft:talked_to_villager":6,"minecraft:play_time":248807,"minecraft:deaths":12,"minecraft:sneak_time":9965,"minecraft:walk_under_water_one_cm":30940,"minecraft:jump":2397,"minecraft:interact_with_blast_furnace":2,"minecraft:walk_on_water_one_cm":24085,"minecraft:total_world_time":248807,"minecraft:interact_with_furnace":42,"minecraft:sleep_in_bed":4,"minecraft:time_since_rest":8203,"minecraft:waystone_activated":1,"minecraft:damage_taken":5063,"minecraft:damage_absorbed":79,"minecraft:trigger_trapped_chest":1,"minecraft:damage_dealt":11438,"minecraft:swim_one_cm":42334,"minecraft:fly_one_cm":488212,"minecraft:player_kills":1,"minecraft:open_chest":101,"minecraft:crouch_one_cm":36771,"tombstone:undead_killed":50,"minecraft:fall_one_cm":65814},"minecraft:killed_by":{"minecraft:stray":2,"irons_spellbooks:necromancer":1,"irons_spellbooks:dead_king":6,"minecraft:skeleton":3},"minecraft:used":{"minecraft:oak_trapdoor":4,"minecraft:iron_shovel":486,"minecraft:chest":2,"minecraft:spruce_planks":508,"minecraft:shield":11,"minecraft:iron_sword":240,"minecraft:bell":1,"minecraft:torch":136,"minecraft:dirt":199,"minecraft:spruce_stairs":14,"minecraft:carrot":6,"minecraft:golden_chestplate":1,"minecraft:beehive":1,"minecraft:glass":36,"minecraft:iron_hoe":163,"minecraft:iron_axe":253,"minecraft:stone_bricks":1,"minecraft:furnace":4,"tombstone:gift":5,"minecraft:stone_pressure_plate":6,"minecraft:potato":292,"minecraft:cooked_beef":13,"minecraft:cobbled_deepslate":9,"minecraft:golden_axe":32,"sophisticatedbackpacks:gold_backpack":1,"minecraft:pumpkin":1,"minecraft:golden_boots":1,"minecraft:water_bucket":2,"minecraft:mossy_stone_bricks":1,"minecraft:spruce_door":12,"minecraft:stone_pickaxe":22,"minecraft:baked_potato":7,"minecraft:oak_planks":49,"minecraft:wooden_pickaxe":7,"minecraft:diamond_axe":326,"minecraft:sugar_cane":6,"minecraft:golden_apple":3,"minecraft:mossy_cobblestone":2,"minecraft:sand":24,"minecraft:crafting_table":8,"minecraft:mushroom_stew":2,"minecraft:white_bed":2,"minecraft:spruce_log":262,"minecraft:apple":1,"minecraft:bread":14,"minecraft:iron_pickaxe":111,"minecraft:spruce_pressure_plate":4,"minecraft:lectern":3,"minecraft:spruce_sapling":12,"minecraft:gravel":90,"minecraft:stone_axe":215,"minecraft:potion":1,"minecraft:bucket":2,"alexsmobs:animal_dictionary":1,"minecraft:bone_meal":105},"minecraft:killed":{"minecraft:cave_spider":1,"alexsmobs:raccoon":1,"minecraft:spider":1,"minecraft:skeleton":10,"irons_spellbooks:summoned_skeleton":3,"minecraft:zombie":33,"minecraft:stray":3,"minecraft:wither_skeleton":1,"minecraft:cow":2},"minecraft:crafted":{"minecraft:oak_planks":36,"minecraft:furnace":4,"minecraft:stone":14,"minecraft:mushroom_stew":2,"minecraft:bone_meal":105,"minecraft:spruce_pressure_plate":2,"minecraft:oak_trapdoor":4,"minecraft:glass":36,"minecraft:spruce_stairs":40,"minecraft:iron_axe":1,"minecraft:iron_hoe":1,"minecraft:stone_pressure_plate":2,"minecraft:chest":4,"minecraft:wheat":9,"sophisticatedbackpacks:iron_backpack":2,"minecraft:cooked_beef":3,"minecraft:golden_axe":1,"sophisticatedbackpacks:backpack":2,"minecraft:diamond_axe":1,"minecraft:crafting_table":5,"minecraft:spruce_planks":692,"minecraft:baked_potato":16,"minecraft:wooden_pickaxe":1,"minecraft:spruce_door":3,"sophisticatedbackpacks:gold_backpack":2,"minecraft:bucket":1,"minecraft:stone_axe":1,"minecraft:air":0,"minecraft:bread":3,"minecraft:stick":12,"minecraft:torch":24},"minecraft:picked_up":{"sophisticatedbackpacks:gold_backpack":1,"minecraft:crafting_table":3,"iceandfire:witherbone":1,"minecraft:oak_trapdoor":1,"minecraft:string":9,"minecraft:iron_shovel":1,"minecraft:cracked_stone_bricks":2,"irons_spellbooks:arcane_essence":3,"minecraft:cobbled_deepslate":12,"minecraft:spruce_planks":65,"minecraft:beef":5,"minecraft:sugar_cane":6,"alexsmobs:raccoon_tail":1,"minecraft:lectern":6,"minecraft:coal_block":8,"irons_spellbooks:inscription_table":2,"minecraft:spruce_pressure_plate":2,"minecraft:stick":36,"minecraft:raw_iron":1,"minecraft:beehive":1,"minecraft:polished_deepslate_slab":1,"minecraft:composter":1,"minecraft:oak_fence":4,"iceandfire:chared_grass":1,"minecraft:torch":16,"minecraft:spruce_stairs":2,"tombstone:grave_dust":8,"minecraft:pointed_dripstone":3,"minecraft:carrot":1,"minecraft:stone_pressure_plate":4,"minecraft:quartz_block":4,"minecraft:arrow":10,"minecraft:rotten_flesh":33,"iceandfire:chared_dirt":4,"minecraft:deepslate_bricks":2,"minecraft:hay_block":1,"sophisticatedbackpacks:copper_backpack":1,"minecraft:cobblestone":51,"minecraft:iron_bars":19,"minecraft:oxeye_daisy":1,"minecraft:leather_chestplate":1,"minecraft:air":0,"minecraft:leather":10,"minecraft:potato":325,"minecraft:flint":10,"minecraft:oak_log":9,"minecraft:chainmail_chestplate":1,"minecraft:golden_boots":1,"skilltree:gem":2,"minecraft:dirt":302,"tombstone:gift":1,"minecraft:bone":73,"minecraft:stone_bricks":3,"minecraft:wheat_seeds":6,"minecraft:bell":1,"minecraft:iron_ingot":17,"minecraft:stone_pickaxe":1,"minecraft:cobweb":10,"minecraft:mossy_stone_bricks":2,"minecraft:mossy_stone_brick_stairs":1,"minecraft:oak_planks":17,"minecraft:book":72,"irons_spellbooks:frozen_bone":9,"minecraft:dandelion":1,"minecraft:gravel":102,"minecraft:sand":60,"minecraft:stripped_spruce_log":12,"minecraft:spruce_sapling":67,"minecraft:nether_brick_stairs":2,"minecraft:white_bed":2,"minecraft:spruce_log":601,"minecraft:spruce_door":10,"minecraft:spider_eye":1,"minecraft:barrel":3,"minecraft:mossy_cobblestone":2,"minecraft:bundle":1,"minecraft:writable_book":1,"minecraft:golden_apple":1,"minecraft:bread":11,"minecraft:oak_sapling":4,"minecraft:coal":18,"minecraft:ender_pearl":2},"minecraft:dropped":{"minecraft:golden_boots":2,"minecraft:iron_ingot":8,"minecraft:wheat_seeds":6,"minecraft:glass_bottle":1,"iceandfire:chared_dirt":4,"minecraft:oak_fence":4,"minecraft:mossy_stone_brick_stairs":1,"minecraft:cracked_stone_bricks":1,"minecraft:coal":34,"minecraft:golden_apple":1,"minecraft:red_mushroom":2,"minecraft:flint":10,"minecraft:oxeye_daisy":1,"tombstone:grave_dust":5,"minecraft:iron_leggings":1,"alexsmobs:raccoon_tail":1,"minecraft:dandelion":1,"minecraft:gold_ingot":8,"minecraft:bone":96,"minecraft:stone_axe":2,"minecraft:pointed_dripstone":10,"minecraft:polished_deepslate_slab":1,"minecraft:rotten_flesh":21,"minecraft:oak_planks":64,"minecraft:carrot":11,"minecraft:chainmail_chestplate":1,"minecraft:deepslate_bricks":2,"minecraft:mossy_stone_bricks":1,"minecraft:oak_sapling":4,"minecraft:spider_eye":3,"minecraft:iron_bars":14,"sophisticatedbackpacks:copper_backpack":1,"minecraft:arrow":4,"minecraft:stone_pickaxe":2,"minecraft:beef":2,"minecraft:wooden_pickaxe":1,"iceandfire:chared_grass":1,"minecraft:lectern":3}},"DataVersion":3120}