{"stats":{"minecraft:mined":{"minecraft:spruce_planks":4,"minecraft:mossy_cobblestone":1,"sophisticatedbackpacks:gold_backpack":1,"minecraft:light_blue_carpet":1,"minecraft:grass_block":122,"minecraft:deepslate_bricks":2,"minecraft:coal_block":8,"iceandfire:chared_dirt":4,"minecraft:spruce_leaves":1,"minecraft:spawner":18,"iceandfire:chared_grass":1,"minecraft:hay_block":1,"minecraft:oak_trapdoor":1,"minecraft:carrots":1,"minecraft:iron_ore":1,"minecraft:cobbled_deepslate":2,"minecraft:barrel":3,"minecraft:nether_brick_stairs":2,"minecraft:bell":1,"minecraft:mossy_stone_brick_stairs":1,"minecraft:bookshelf":24,"minecraft:potatoes":42,"minecraft:polished_deepslate_slab":2,"minecraft:iron_bars":10,"irons_spellbooks:inscription_table":2,"minecraft:stone":2,"minecraft:podzol":71,"minecraft:quartz_block":5,"minecraft:polished_deepslate_stairs":1,"minecraft:crafting_table":2,"minecraft:torch":1,"minecraft:lectern":6,"minecraft:sugar_cane":2,"minecraft:oak_planks":7,"minecraft:wall_torch":1,"minecraft:beehive":1,"minecraft:spruce_log":20,"minecraft:grass":16,"minecraft:oak_log":4,"minecraft:sand":24,"minecraft:dirt":65,"minecraft:gravel":112,"minecraft:cracked_stone_bricks":2,"minecraft:polished_andesite":3,"minecraft:stone_bricks":4,"minecraft:mossy_stone_bricks":3,"minecraft:oak_leaves":2,"minecraft:deepslate":1},"minecraft:custom":{"minecraft:mob_kills":58,"minecraft:interact_with_crafting_table":20,"minecraft:open_barrel":46,"minecraft:bell_ring":1,"minecraft:damage_dealt_resisted":8,"minecraft:eat_cake_slice":4,"minecraft:time_since_death":70558,"minecraft:climb_one_cm":521,"minecraft:sprint_one_cm":550974,"minecraft:walk_one_cm":561232,"minecraft:damage_blocked_by_shield":648,"minecraft:drop":45,"minecraft:damage_dealt_absorbed":81,"minecraft:talked_to_villager":2,"minecraft:play_time":134807,"minecraft:deaths":12,"minecraft:sneak_time":1571,"minecraft:walk_under_water_one_cm":17252,"minecraft:jump":1690,"minecraft:interact_with_blast_furnace":2,"minecraft:walk_on_water_one_cm":11362,"minecraft:total_world_time":134807,"minecraft:interact_with_furnace":1,"minecraft:time_since_rest":70514,"minecraft:waystone_activated":1,"minecraft:damage_taken":4821,"minecraft:damage_absorbed":79,"minecraft:trigger_trapped_chest":1,"minecraft:damage_dealt":11438,"minecraft:swim_one_cm":37637,"minecraft:fly_one_cm":341326,"minecraft:player_kills":1,"minecraft:open_chest":81,"minecraft:crouch_one_cm":4410,"tombstone:undead_killed":49,"minecraft:fall_one_cm":40846},"minecraft:killed_by":{"minecraft:stray":2,"irons_spellbooks:necromancer":1,"irons_spellbooks:dead_king":6,"minecraft:skeleton":3},"minecraft:used":{"minecraft:oak_trapdoor":4,"minecraft:iron_shovel":423,"minecraft:spruce_planks":1,"minecraft:shield":11,"minecraft:iron_sword":240,"minecraft:bell":1,"minecraft:torch":130,"minecraft:dirt":141,"minecraft:carrot":6,"minecraft:golden_chestplate":1,"minecraft:beehive":1,"minecraft:iron_hoe":163,"minecraft:stone_bricks":1,"tombstone:gift":4,"minecraft:potato":208,"minecraft:cooked_beef":10,"minecraft:cobbled_deepslate":9,"sophisticatedbackpacks:gold_backpack":1,"minecraft:pumpkin":1,"minecraft:golden_boots":1,"minecraft:water_bucket":2,"minecraft:mossy_stone_bricks":1,"minecraft:stone_pickaxe":22,"minecraft:oak_planks":39,"minecraft:wooden_pickaxe":7,"minecraft:sugar_cane":6,"minecraft:golden_apple":3,"minecraft:mossy_cobblestone":2,"minecraft:crafting_table":5,"minecraft:mushroom_stew":2,"minecraft:spruce_log":3,"minecraft:apple":1,"minecraft:bread":14,"minecraft:iron_pickaxe":58,"minecraft:lectern":3,"minecraft:gravel":90,"minecraft:stone_axe":89,"minecraft:potion":1,"minecraft:bucket":2,"alexsmobs:animal_dictionary":1,"minecraft:bone_meal":105},"minecraft:killed":{"minecraft:cave_spider":1,"alexsmobs:raccoon":1,"minecraft:spider":1,"minecraft:skeleton":9,"irons_spellbooks:summoned_skeleton":3,"minecraft:zombie":33,"minecraft:stray":3,"minecraft:wither_skeleton":1,"minecraft:cow":2},"minecraft:crafted":{"minecraft:oak_planks":36,"minecraft:mushroom_stew":2,"minecraft:bone_meal":105,"minecraft:oak_trapdoor":4,"minecraft:iron_hoe":1,"minecraft:chest":2,"minecraft:wheat":9,"sophisticatedbackpacks:iron_backpack":2,"sophisticatedbackpacks:backpack":2,"minecraft:crafting_table":4,"minecraft:spruce_planks":128,"minecraft:wooden_pickaxe":1,"sophisticatedbackpacks:gold_backpack":2,"minecraft:bucket":1,"minecraft:bread":3,"minecraft:stick":8,"minecraft:torch":24},"minecraft:picked_up":{"sophisticatedbackpacks:gold_backpack":1,"minecraft:crafting_table":2,"iceandfire:witherbone":1,"minecraft:oak_trapdoor":1,"minecraft:string":9,"minecraft:iron_shovel":1,"minecraft:cracked_stone_bricks":2,"irons_spellbooks:arcane_essence":3,"minecraft:cobbled_deepslate":12,"minecraft:spruce_planks":4,"minecraft:beef":5,"minecraft:sugar_cane":6,"alexsmobs:raccoon_tail":1,"minecraft:lectern":6,"minecraft:coal_block":8,"irons_spellbooks:inscription_table":2,"minecraft:raw_iron":1,"minecraft:beehive":1,"minecraft:polished_deepslate_slab":1,"minecraft:composter":1,"minecraft:oak_fence":3,"iceandfire:chared_grass":1,"minecraft:torch":16,"tombstone:grave_dust":8,"minecraft:pointed_dripstone":3,"minecraft:carrot":1,"minecraft:quartz_block":4,"minecraft:arrow":10,"minecraft:rotten_flesh":33,"iceandfire:chared_dirt":4,"minecraft:deepslate_bricks":2,"minecraft:hay_block":1,"sophisticatedbackpacks:copper_backpack":1,"minecraft:iron_bars":19,"minecraft:oxeye_daisy":1,"minecraft:leather_chestplate":1,"minecraft:air":0,"minecraft:leather":10,"minecraft:potato":163,"minecraft:flint":10,"minecraft:oak_log":9,"minecraft:chainmail_chestplate":1,"minecraft:golden_boots":1,"skilltree:gem":2,"minecraft:dirt":254,"tombstone:gift":1,"minecraft:bone":73,"minecraft:stone_bricks":3,"minecraft:wheat_seeds":4,"minecraft:bell":1,"minecraft:iron_ingot":17,"minecraft:stone_pickaxe":1,"minecraft:cobweb":10,"minecraft:mossy_stone_bricks":2,"minecraft:mossy_stone_brick_stairs":1,"minecraft:oak_planks":7,"minecraft:book":72,"irons_spellbooks:frozen_bone":9,"minecraft:dandelion":1,"minecraft:gravel":102,"minecraft:sand":24,"minecraft:spruce_sapling":1,"minecraft:nether_brick_stairs":2,"minecraft:spruce_log":35,"minecraft:spider_eye":1,"minecraft:barrel":3,"minecraft:mossy_cobblestone":2,"minecraft:bundle":1,"minecraft:writable_book":1,"minecraft:golden_apple":1,"minecraft:bread":11,"minecraft:oak_sapling":4,"minecraft:coal":18,"minecraft:ender_pearl":2},"minecraft:dropped":{"minecraft:golden_boots":2,"minecraft:iron_ingot":8,"minecraft:glass_bottle":1,"minecraft:oak_fence":3,"minecraft:mossy_stone_brick_stairs":1,"minecraft:cracked_stone_bricks":1,"minecraft:coal":34,"minecraft:golden_apple":1,"minecraft:red_mushroom":2,"minecraft:flint":10,"minecraft:oxeye_daisy":1,"tombstone:grave_dust":5,"minecraft:iron_leggings":1,"alexsmobs:raccoon_tail":1,"minecraft:dandelion":1,"minecraft:gold_ingot":8,"minecraft:bone":96,"minecraft:pointed_dripstone":10,"minecraft:polished_deepslate_slab":1,"minecraft:rotten_flesh":21,"minecraft:oak_planks":64,"minecraft:carrot":11,"minecraft:chainmail_chestplate":1,"minecraft:deepslate_bricks":2,"minecraft:mossy_stone_bricks":1,"minecraft:oak_sapling":4,"minecraft:spider_eye":3,"minecraft:iron_bars":14,"sophisticatedbackpacks:copper_backpack":1,"minecraft:arrow":4,"minecraft:stone_pickaxe":2,"minecraft:beef":2,"minecraft:wooden_pickaxe":1,"minecraft:lectern":3}},"DataVersion":3120}