{"stats":{"minecraft:mined":{"minecraft:crafting_table":3,"minecraft:torch":3,"minecraft:grass_block":5,"minecraft:magma_block":2,"minecraft:furnace":3,"minecraft:birch_log":9,"minecraft:iron_ore":5,"minecraft:birch_leaves":3,"minecraft:coal_ore":19,"minecraft:dirt":15,"minecraft:stone":157},"minecraft:custom":{"enigmaticlegacy:play_time_with_seven_curses":33921,"minecraft:interact_with_furnace":10,"minecraft:mob_kills":12,"enigmaticlegacy:play_time_without_seven_curses":2774,"minecraft:interact_with_crafting_table":6,"minecraft:damage_dealt_resisted":0,"minecraft:time_since_death":1582,"minecraft:sleep_in_bed":1,"minecraft:damage_resisted":0,"minecraft:time_since_rest":1628,"minecraft:sprint_one_cm":45491,"minecraft:damage_taken":3583,"minecraft:walk_one_cm":113975,"minecraft:drop":101,"minecraft:damage_dealt":855,"minecraft:fly_one_cm":26861,"minecraft:player_kills":2,"minecraft:open_chest":2,"minecraft:play_time":37433,"minecraft:deaths":17,"minecraft:jump":429,"minecraft:total_world_time":37433,"minecraft:fall_one_cm":7784},"minecraft:broken":{"minecraft:stone_pickaxe":1},"minecraft:dropped":{"byg:biomepedia":1,"minecraft:stone_axe":1,"minecraft:birch_planks":8,"minecraft:porkchop":3,"minecraft:lapis_lazuli":8,"minecraft:stone_sword":1,"alexsmobs:animal_dictionary":1,"minecraft:smooth_stone_slab":4,"minecraft:deepslate_brick_wall":1,"minecraft:crafting_table":1,"minecraft:birch_sapling":3,"minecraft:raw_iron":5,"minecraft:cobblestone":3,"darkerdepths:shale":1,"undead_unleashed:grave_metal_scrap":1,"irons_spellbooks:ancient_knowledge_fragment":1,"minecraft:coal":6,"minecraft:golden_apple":6,"patchouli:guide_book":3,"minecraft:stick":5,"minecraft:emerald":8,"enigmaticlegacy:enigmatic_eye":1,"minecraft:dirt":4,"minecraft:diamond_sword":3,"supplementaries:ash":1,"ars_nouveau:worn_notebook":1,"minecraft:torch":3,"minecraft:diamond_pickaxe":1,"relics:holy_locket":1,"apotheosis:gem":1,"irons_spellbooks:arcane_essence":7,"minecraft:stone_bricks":1,"minecraft:arrow":5,"minecraft:wooden_pickaxe":1,"minecraft:stone_pickaxe":1,"majruszsdifficulty:tattered_leggings":1,"enigmaticlegacy:enigmatic_amulet":1,"minecraft:birch_log":12,"sons_of_sins:flesh_of_demise":1,"minecraft:gold_ingot":8},"minecraft:killed":{"minecraft:pig":1,"minecraft:phantom":3,"minecraft:skeleton":1,"minecraft:zombie":3,"humancompanions:archer":1,"whisperwoods:moth":1,"minecraft:enderman":1},"minecraft:crafted":{"minecraft:crafting_table":1,"minecraft:furnace":2,"minecraft:birch_planks":32,"minecraft:air":0,"minecraft:charcoal":1,"minecraft:iron_ingot":7,"minecraft:stone_sword":1},"minecraft:used":{"minecraft:stone_sword":23,"minecraft:stone_pickaxe":154,"minecraft:wooden_shovel":17,"minecraft:torch":6,"minecraft:dirt":19,"minecraft:crafting_table":5,"minecraft:carrot":2,"minecraft:iron_pickaxe":35,"minecraft:furnace":3},"minecraft:picked_up":{"minecraft:birch_log":14,"minecraft:magma_block":2,"minecraft:crafting_table":3,"minecraft:diamond_sword":1,"minecraft:dirt":23,"minecraft:string":1,"minecraft:smooth_stone_slab":4,"minecraft:leather_boots":1,"minecraft:stone_bricks":1,"minecraft:bow":1,"minecraft:birch_sapling":1,"minecraft:furnace":3,"minecraft:raw_iron":7,"apotheosis:gem":1,"minecraft:deepslate_brick_wall":1,"minecraft:torch":4,"minecraft:porkchop":4,"undead_unleashed:grave_metal_scrap":3,"minecraft:carrot":1,"sons_of_sins:flesh_of_demise":1,"minecraft:leather_helmet":1,"forbidden_arcanus:ender_pearl_fragment":1,"minecraft:stone_sword":1,"minecraft:arrow":12,"minecraft:rotten_flesh":5,"knightquest:small_essence":1,"supplementaries:ash":1,"minecraft:coal":29,"minecraft:cobblestone":162,"minecraft:ender_pearl":1},"minecraft:killed_by":{"minecraft:player":5,"minecraft:phantom":1,"minecraft:zombie":10}},"DataVersion":3120}