{"stats":{"minecraft:broken":{"minecraft:leather_helmet":1,"minecraft:stone_pickaxe":1,"majruszsdifficulty:tattered_helmet":1,"minecraft:leather_boots":1},"minecraft:custom":{"enigmaticlegacy:play_time_with_seven_curses":93931,"lootr:looted_stat":8,"minecraft:mob_kills":31,"minecraft:interact_with_crafting_table":7,"minecraft:damage_dealt_resisted":0,"minecraft:leave_game":2,"minecraft:time_since_death":4576,"minecraft:climb_one_cm":1891,"minecraft:damage_resisted":0,"minecraft:sprint_one_cm":136136,"minecraft:walk_one_cm":305872,"minecraft:drop":109,"minecraft:play_time":98947,"minecraft:deaths":60,"minecraft:sneak_time":777,"minecraft:walk_under_water_one_cm":20954,"minecraft:jump":1141,"minecraft:walk_on_water_one_cm":18554,"minecraft:total_world_time":98947,"minecraft:interact_with_furnace":13,"enigmaticlegacy:play_time_without_seven_curses":2774,"minecraft:sleep_in_bed":4,"minecraft:time_since_rest":4629,"minecraft:waystone_activated":1,"minecraft:damage_taken":27608,"minecraft:damage_dealt":1455,"minecraft:swim_one_cm":21461,"minecraft:fly_one_cm":178688,"minecraft:player_kills":4,"minecraft:open_chest":3,"minecraft:crouch_one_cm":1356,"minecraft:fall_one_cm":30670},"minecraft:used":{"minecraft:stone_sword":41,"cisco_mod:test_leggings":1,"lootr:trophy":1,"minecraft:wooden_shovel":17,"minecraft:torch":8,"minecraft:dirt":23,"minecraft:carrot":2,"cisco_mod:test_chestplate":1,"minecraft:bow":8,"minecraft:furnace":7,"cisco_mod:test_boots":1,"minecraft:stone_pickaxe":154,"minecraft:ender_pearl":1,"minecraft:crafting_table":6,"minecraft:red_bed":1,"cisco_mod:test_helmet":1,"minecraft:bread":1,"minecraft:iron_pickaxe":40,"sons_of_sins:flesh_of_demise":1,"minecraft:cobblestone":119,"minecraft:cooked_porkchop":3},"minecraft:crafted":{"minecraft:furnace":4,"minecraft:crafting_table":1,"minecraft:birch_planks":32,"minecraft:air":0,"minecraft:charcoal":1,"minecraft:iron_ingot":7,"minecraft:stone_sword":1},"minecraft:picked_up":{"minecraft:crafting_table":3,"byg:lush_dirt":1,"minecraft:diamond_sword":1,"minecraft:stone_brick_wall":2,"minecraft:cornflower":1,"minecraft:string":1,"minecraft:red_bed":1,"minecraft:smooth_stone_slab":4,"minecraft:item_frame":2,"minecraft:experience_bottle":2,"minecraft:spruce_planks":5,"minecraft:birch_sapling":1,"minecraft:furnace":3,"minecraft:phantom_membrane":2,"minecraft:raw_iron":7,"apotheosis:gem":8,"minecraft:deepslate_brick_wall":1,"minecraft:torch":5,"minecraft:porkchop":10,"minecraft:carrot":1,"minecraft:rotten_flesh":13,"minecraft:stone_sword":1,"minecraft:arrow":13,"minecraft:stone_shovel":1,"supplementaries:ash":1,"minecraft:cobblestone":167,"minecraft:birch_log":14,"minecraft:magma_block":2,"minecraft:potato":3,"minecraft:gunpowder":9,"minecraft:dirt":34,"minecraft:leather_boots":1,"minecraft:stone_bricks":1,"minecraft:bow":1,"minecraft:iron_ingot":1,"minecraft:book":3,"minecraft:cooked_porkchop":8,"undead_unleashed:grave_metal_scrap":3,"sons_of_sins:flesh_of_demise":1,"minecraft:leather_helmet":1,"forbidden_arcanus:ender_pearl_fragment":1,"knightquest:small_essence":1,"minecraft:coal":29,"minecraft:ender_pearl":1},"minecraft:mined":{"byg:clover_patch":2,"minecraft:orange_wool":1,"minecraft:grass_block":5,"ars_nouveau:sourceberry_bush":5,"minecraft:magma_block":2,"minecraft:furnace":3,"minecraft:iron_ore":5,"minecraft:vine":1,"minecraft:stone":157,"minecraft:red_bed":1,"minecraft:crafting_table":3,"minecraft:torch":4,"minecraft:cobblestone":5,"minecraft:wall_torch":1,"minecraft:birch_log":9,"minecraft:birch_leaves":3,"minecraft:grass":2,"minecraft:coal_ore":19,"minecraft:dirt":15,"minecraft:oak_leaves":3},"minecraft:killed":{"enemyexpansion:equestrian":1,"minecraft:phantom":7,"minecraft:skeleton":2,"minecraft:bee":2,"humancompanions:archer":1,"enemyexpansion:goblin":1,"minecraft:pig":3,"byg:pumpkin_warden":6,"minecraft:creeper":1,"minecraft:zombie":3,"whisperwoods:moth":1,"minecraft:enderman":1},"minecraft:killed_by":{"minecraft:player":6,"minecraft:zombified_piglin":1,"minecraft:enderman":9,"enemyexpansion:goblin":2,"enemyexpansion:meature":2,"minecraft:bee":3,"minecraft:skeleton":5,"minecraft:phantom":7,"minecraft:zombie":16,"royalvariations:royal_zombie":1},"minecraft:dropped":{"minecraft:enchanted_book":1,"byg:biomepedia":1,"minecraft:porkchop":3,"minecraft:birch_planks":8,"minecraft:lapis_lazuli":8,"minecraft:deepslate_brick_wall":1,"minecraft:crafting_table":1,"minecraft:cobblestone":3,"darkerdepths:shale":1,"cisco_mod:test_helmet":1,"undead_unleashed:grave_metal_scrap":1,"irons_spellbooks:ancient_knowledge_fragment":1,"minecraft:coal":6,"minecraft:golden_apple":6,"minecraft:stick":5,"minecraft:emerald":8,"cisco_mod:test_chestplate":1,"enigmaticlegacy:enigmatic_eye":1,"cisco_mod:test_boots":1,"minecraft:dirt":4,"ars_nouveau:worn_notebook":1,"minecraft:torch":3,"relics:holy_locket":1,"irons_spellbooks:arcane_essence":7,"minecraft:pumpkin_pie":3,"majruszsdifficulty:tattered_leggings":1,"minecraft:birch_log":12,"sons_of_sins:flesh_of_demise":1,"minecraft:gold_ingot":8,"minecraft:stone_axe":1,"minecraft:stone_sword":1,"alexsmobs:animal_dictionary":1,"minecraft:smooth_stone_slab":4,"minecraft:birch_sapling":3,"minecraft:raw_iron":5,"patchouli:guide_book":3,"minecraft:diamond_sword":3,"supplementaries:ash":1,"cisco_mod:test_leggings":1,"minecraft:diamond_pickaxe":1,"apotheosis:gem":1,"minecraft:stone_bricks":1,"knightquest:small_essence":1,"minecraft:arrow":5,"minecraft:stone_pickaxe":1,"minecraft:wooden_pickaxe":1,"minecraft:magma_block":2,"enigmaticlegacy:enigmatic_amulet":1}},"DataVersion":3120}