{"stats":{"minecraft:broken":{"aether:golden_gloves":1,"minecraft:chainmail_helmet":1,"minecraft:leather_boots":1,"minecraft:iron_pickaxe":4,"minecraft:golden_pickaxe":1},"minecraft:custom":{"minecraft:interact_with_smithing_table":1,"enigmaticlegacy:play_time_with_seven_curses":185734,"lootr:looted_stat":50,"minecraft:mob_kills":6,"minecraft:interact_with_crafting_table":31,"minecraft:damage_dealt_resisted":663,"minecraft:leave_game":5,"minecraft:time_since_death":11780,"minecraft:climb_one_cm":5759,"minecraft:damage_resisted":35,"minecraft:sprint_one_cm":474157,"minecraft:walk_one_cm":620054,"minecraft:drop":62,"minecraft:talked_to_villager":2,"minecraft:play_time":208309,"minecraft:deaths":35,"minecraft:sneak_time":2020,"minecraft:walk_under_water_one_cm":21191,"minecraft:boat_one_cm":1508,"minecraft:jump":2336,"minecraft:walk_on_water_one_cm":10868,"minecraft:total_world_time":208309,"minecraft:interact_with_furnace":11,"enigmaticlegacy:play_time_without_seven_curses":21450,"minecraft:sleep_in_bed":2,"minecraft:time_since_rest":11814,"minecraft:waystone_activated":1,"minecraft:damage_taken":18738,"minecraft:damage_absorbed":40,"minecraft:damage_dealt":3596,"minecraft:swim_one_cm":30133,"minecraft:fly_one_cm":535565,"minecraft:open_chest":31,"minecraft:crouch_one_cm":3537,"minecraft:fall_one_cm":52964},"minecraft:used":{"minecraft:iron_shovel":45,"farmersdelight:diamond_knife":84,"woodworks:oak_chest":3,"minecraft:chest":1,"minecraft:torch":48,"minecraft:dirt":14,"minecraft:chainmail_chestplate":1,"minecraft:carrot":4,"minecraft:tuff":9,"minecraft:wooden_axe":23,"woodworks:birch_chest":3,"minecraft:furnace":4,"byg:skyris_crafting_table":1,"minecraft:birch_planks":4,"minecraft:baked_potato":3,"minecraft:wooden_pickaxe":4,"minecraft:birch_boat":2,"minecraft:chainmail_helmet":1,"minecraft:diamond_axe":100,"minecraft:leather_boots":1,"minecraft:golden_apple":1,"minecraft:crafting_table":6,"minecraft:diamond_pickaxe":27,"byg:skyris_planks":107,"minecraft:bread":23,"minecraft:iron_pickaxe":1000,"minecraft:cobblestone":3,"minecraft:wooden_sword":6,"minecraft:potion":1,"minecraft:purple_bed":1,"minecraft:porkchop":2,"minecraft:cooked_porkchop":7,"minecraft:smithing_table":1,"minecraft:bucket":1,"minecraft:coarse_dirt":2,"minecraft:golden_pickaxe":32,"minecraft:chainmail_leggings":1},"minecraft:crafted":{"minecraft:oak_planks":120,"minecraft:furnace":4,"woodworks:birch_chest":2,"minecraft:cooked_porkchop":4,"minecraft:spruce_planks":4,"minecraft:birch_planks":52,"minecraft:air":0,"woodworks:oak_chest":2,"byg:skyris_planks":104,"minecraft:stick":20,"minecraft:torch":80},"minecraft:picked_up":{"minecraft:coarse_dirt":2,"minecraft:crafting_table":2,"byg:soapstone":40,"byg:lush_dirt":6,"twigs:roseate_seashell":1,"minecraft:smithing_table":1,"byg:tall_pink_allium":1,"byg:stripped_skyris_log":1,"minecraft:oak_stairs":1,"minecraft:stone_brick_wall":3,"byg:crocus":3,"minecraft:string":14,"minecraft:raw_copper":2,"byg:skyris_fence":3,"minecraft:item_frame":4,"twigs:opaline_seashell":1,"woodworks:oak_chest":1,"minecraft:cobbled_deepslate":550,"farmersdelight:straw":1,"minecraft:birch_sapling":1,"minecraft:furnace":1,"minecraft:egg":1,"apotheosis:gem":8,"minecraft:oak_door":1,"minecraft:deepslate_brick_wall":1,"minecraft:oak_fence":1,"minecraft:torch":5,"minecraft:spruce_stairs":1,"minecraft:fire_charge":2,"minecraft:porkchop":13,"minecraft:target":1,"enigmaticlegacy:withered_tome":1,"minecraft:carrot":2,"minecraft:redstone":65,"minecraft:mangrove_pressure_plate":1,"minecraft:tnt":2,"minecraft:arrow":14,"minecraft:rotten_flesh":7,"minecraft:iron_block":1,"minecraft:gold_ingot":1,"byg:skyris_planks":6,"minecraft:skeleton_skull":1,"minecraft:cobblestone":125,"minecraft:stripped_oak_log":2,"minecraft:birch_log":13,"majruszsaccessories:tool_scraps":1,"woodworks:birch_chest":1,"minecraft:andesite":1,"delightful:animal_fat":2,"minecraft:birch_planks":1,"minecraft:tuff":78,"minecraft:oak_log":23,"minecraft:yellow_bed":1,"byg:dacite_cobblestone":35,"minecraft:lapis_lazuli":38,"minecraft:dirt":50,"minecraft:lantern":1,"minecraft:red_carpet":4,"minecraft:bone":4,"minecraft:stone_bricks":16,"minecraft:wheat_seeds":3,"minecraft:raw_gold":19,"byg:skyris_sapling":1,"forbidden_arcanus:darkstone":133,"minecraft:oak_planks":2,"minecraft:book":3,"minecraft:cooked_porkchop":6,"minecraft:birch_boat":3,"minecraft:oak_pressure_plate":1,"minecraft:gravel":2,"minecraft:sand":8,"undead_unleashed:grave_metal_scrap":4,"minecraft:blast_furnace":2,"minecraft:spider_eye":2,"minecraft:spruce_log":1,"farmersdelight:ham":2,"minecraft:barrel":2,"minecraft:orange_wool":3,"minecraft:leather_helmet":1,"byg:skyris_log":28,"minecraft:dispenser":1,"minecraft:diamond":8,"minecraft:purple_bed":1,"minecraft:slime_ball":1,"byg:skyris_crafting_table":1,"enigmaticlegacy:cursed_ring":1,"byg:tall_allium":1,"knightquest:small_essence":3,"minecraft:granite":23,"minecraft:painting":2,"minecraft:emerald":8,"twigs:rhyolite":5,"minecraft:oak_sapling":6,"minecraft:black_wool":1,"minecraft:coal":26},"minecraft:mined":{"byg:skyris_fence":3,"minecraft:tuff":87,"minecraft:red_carpet":2,"minecraft:deepslate_diamond_ore":2,"minecraft:orange_wool":3,"minecraft:granite":23,"minecraft:grass_block":17,"byg:skyris_log":28,"byg:stripped_skyris_log":1,"woodworks:birch_chest":1,"byg:crocus":1,"minecraft:cobbled_deepslate":2,"minecraft:fire":1,"minecraft:andesite":1,"minecraft:target":1,"byg:skyris_stairs":3,"minecraft:deepslate_lapis_ore":5,"minecraft:bookshelf":1,"minecraft:vine":1,"minecraft:stone":113,"twigs:opaline_seashell":1,"byg:dacite":35,"byg:tall_prairie_grass":2,"minecraft:podzol":2,"minecraft:smithing_table":1,"minecraft:deepslate_redstone_ore":13,"minecraft:deepslate_brick_wall":1,"minecraft:orange_terracotta":2,"minecraft:crafting_table":2,"delightful:pumpkin_pie":2,"undead_unleashed:grave_soil":1,"twigs:roseate_seashell":1,"woodworks:oak_chest":1,"minecraft:copper_ore":1,"minecraft:tall_grass":3,"minecraft:deepslate_gold_ore":12,"minecraft:oak_planks":1,"minecraft:wall_torch":2,"byg:soapstone":40,"minecraft:purple_bed":1,"minecraft:birch_planks":1,"minecraft:coarse_dirt":2,"byg:skyris_crafting_table":1,"forbidden_arcanus:darkstone":133,"minecraft:birch_log":12,"minecraft:spruce_log":1,"minecraft:birch_leaves":2,"minecraft:tnt":2,"minecraft:stone_brick_stairs":1,"minecraft:oak_log":23,"minecraft:coal_ore":22,"minecraft:grass":19,"byg:skyris_planks":6,"byg:skyris_vine":1,"minecraft:gravel":2,"minecraft:sand":8,"minecraft:dirt":19,"minecraft:cobweb":3,"twigs:rhyolite":5,"minecraft:stone_bricks":19,"minecraft:deepslate":533,"minecraft:oak_leaves":14},"minecraft:killed":{"minecraft:spider":1,"minecraft:pig":4,"minecraft:zombie":1},"minecraft:killed_by":{"minecraft:player":1,"royalvariations:royal_skeleton":2,"minecraft:zombified_piglin":4,"minecraft:creeper":2,"minecraft:spider":1,"enemyexpansion:equestrian":1,"minecraft:chicken":1,"mutantmonsters:mutant_skeleton":1,"minecraft:phantom":13,"minecraft:zombie":1,"enemyexpansion:direwolf":1},"minecraft:dropped":{"minecraft:enchanted_book":1,"minecraft:bread":1,"minecraft:birch_planks":9,"minecraft:mangrove_pressure_plate":1,"minecraft:oak_pressure_plate":1,"minecraft:deepslate_brick_wall":1,"minecraft:oak_fence":1,"minecraft:lantern":1,"undead_unleashed:grave_metal_scrap":1,"blue_skies:ventium_ingot":3,"minecraft:leather_helmet":2,"minecraft:mushroom_stew":1,"minecraft:item_frame":4,"minecraft:emerald":4,"minecraft:stick":10,"minecraft:flint":9,"minecraft:cobweb":4,"minecraft:iron_block":1,"origins:orb_of_origin":1,"minecraft:dispenser":1,"minecraft:fire_charge":2,"minecraft:oak_stairs":1,"minecraft:iron_pickaxe":1,"byg:skyris_fence":3,"minecraft:chainmail_leggings":1,"twigs:opaline_seashell":1,"minecraft:gold_ingot":1,"minecraft:bone":1,"minecraft:furnace":1,"majruszsaccessories:tool_scraps":1,"minecraft:birch_sapling":1,"minecraft:rotten_flesh":7,"byg:tall_allium":1,"minecraft:oak_planks":1,"farmersdelight:straw":1,"byg:stripped_skyris_log":1,"enigmaticlegacy:cursed_ring":1,"minecraft:chainmail_chestplate":1,"minecraft:blast_furnace":2,"minecraft:target":1,"byg:skyris_sapling":1,"byg:crocus":3,"minecraft:stone_brick_wall":3,"apotheosis:gem":1,"woodworks:oak_chest":1,"minecraft:oak_sapling":4,"minecraft:stone_bricks":1,"minecraft:barrel":2,"minecraft:painting":2,"minecraft:birch_boat":1,"delightful:animal_fat":2,"enigmaticlegacy:enigmatic_amulet":1,"minecraft:black_wool":1}},"DataVersion":3120}