{"stats":{"minecraft:mined":{"minecraft:birch_planks":1,"minecraft:deepslate_brick_wall":1,"minecraft:birch_log":12,"minecraft:cobbled_deepslate":1,"minecraft:birch_leaves":2,"minecraft:crafting_table":1,"minecraft:grass":1,"minecraft:grass_block":1,"minecraft:cobweb":2,"minecraft:stone_bricks":1},"minecraft:custom":{"minecraft:time_since_rest":4435,"enigmaticlegacy:play_time_with_seven_curses":18201,"minecraft:sprint_one_cm":52342,"lootr:looted_stat":10,"minecraft:damage_taken":2011,"minecraft:walk_one_cm":93544,"minecraft:mob_kills":2,"minecraft:drop":13,"minecraft:damage_dealt":434,"enigmaticlegacy:play_time_without_seven_curses":21450,"minecraft:interact_with_crafting_table":2,"minecraft:fly_one_cm":41271,"minecraft:play_time":39787,"minecraft:deaths":4,"minecraft:walk_under_water_one_cm":7511,"minecraft:jump":293,"minecraft:leave_game":2,"minecraft:walk_on_water_one_cm":61,"minecraft:time_since_death":4405,"minecraft:climb_one_cm":419,"minecraft:total_world_time":39787,"minecraft:fall_one_cm":6055},"minecraft:broken":{"minecraft:leather_boots":1},"minecraft:dropped":{"minecraft:furnace":1,"minecraft:iron_block":1,"minecraft:dispenser":1,"minecraft:deepslate_brick_wall":1,"minecraft:birch_sapling":1,"minecraft:stone_brick_wall":3,"minecraft:fire_charge":2,"minecraft:rotten_flesh":7,"minecraft:stone_bricks":1,"minecraft:barrel":2,"minecraft:black_wool":1,"enigmaticlegacy:cursed_ring":1},"minecraft:killed":{"minecraft:zombie":1,"minecraft:pig":1},"minecraft:crafted":{"minecraft:birch_planks":24},"minecraft:used":{"minecraft:wooden_axe":23,"minecraft:birch_planks":4,"minecraft:wooden_pickaxe":4,"minecraft:chainmail_helmet":1,"minecraft:leather_boots":1,"minecraft:wooden_sword":2,"minecraft:crafting_table":1,"minecraft:chainmail_chestplate":1,"minecraft:porkchop":2,"minecraft:carrot":4,"minecraft:chainmail_leggings":1},"minecraft:picked_up":{"minecraft:birch_log":12,"minecraft:crafting_table":1,"apotheosis:gem":4,"minecraft:deepslate_brick_wall":1,"minecraft:birch_planks":1,"minecraft:fire_charge":2,"minecraft:spruce_stairs":1,"minecraft:stone_brick_wall":3,"minecraft:porkchop":4,"minecraft:yellow_bed":1,"minecraft:carrot":2,"minecraft:barrel":2,"minecraft:string":2,"minecraft:item_frame":4,"minecraft:arrow":2,"minecraft:dispenser":1,"minecraft:rotten_flesh":7,"minecraft:slime_ball":1,"enigmaticlegacy:cursed_ring":1,"minecraft:stone_bricks":1,"minecraft:iron_block":1,"minecraft:cobbled_deepslate":17,"minecraft:raw_gold":3,"minecraft:painting":1,"knightquest:small_essence":2,"minecraft:gold_ingot":1,"minecraft:black_wool":1,"minecraft:birch_sapling":1,"minecraft:skeleton_skull":1,"minecraft:furnace":1},"minecraft:killed_by":{"minecraft:player":1}},"DataVersion":3120}