{"stats":{"minecraft:broken":{"aether:golden_gloves":1,"minecraft:leather_boots":1},"minecraft:killed":{"minecraft:pig":4,"minecraft:zombie":1},"minecraft:custom":{"enigmaticlegacy:play_time_with_seven_curses":64529,"lootr:looted_stat":28,"minecraft:interact_with_furnace":6,"minecraft:mob_kills":5,"enigmaticlegacy:play_time_without_seven_curses":21450,"minecraft:interact_with_crafting_table":3,"minecraft:damage_dealt_resisted":663,"minecraft:leave_game":3,"minecraft:time_since_death":6566,"minecraft:climb_one_cm":4930,"minecraft:damage_resisted":0,"minecraft:time_since_rest":6597,"minecraft:waystone_activated":1,"minecraft:sprint_one_cm":234415,"minecraft:damage_taken":5577,"minecraft:walk_one_cm":275229,"minecraft:drop":31,"minecraft:damage_dealt":2382,"minecraft:swim_one_cm":13143,"minecraft:talked_to_villager":2,"minecraft:fly_one_cm":269585,"minecraft:open_chest":2,"minecraft:crouch_one_cm":1293,"minecraft:play_time":86366,"minecraft:deaths":12,"minecraft:sneak_time":462,"minecraft:walk_under_water_one_cm":13760,"minecraft:jump":1123,"minecraft:walk_on_water_one_cm":7679,"minecraft:total_world_time":86366,"minecraft:fall_one_cm":28228},"minecraft:killed_by":{"minecraft:player":1,"royalvariations:royal_skeleton":2,"minecraft:creeper":1,"minecraft:zombie":1,"minecraft:chicken":1},"minecraft:dropped":{"minecraft:enchanted_book":1,"minecraft:bread":1,"minecraft:furnace":1,"minecraft:mangrove_pressure_plate":1,"minecraft:deepslate_brick_wall":1,"minecraft:birch_sapling":1,"minecraft:oak_fence":1,"minecraft:rotten_flesh":7,"byg:tall_allium":1,"farmersdelight:straw":1,"undead_unleashed:grave_metal_scrap":1,"minecraft:mushroom_stew":1,"enigmaticlegacy:cursed_ring":1,"minecraft:item_frame":4,"minecraft:iron_block":1,"origins:orb_of_origin":1,"byg:crocus":2,"minecraft:dispenser":1,"minecraft:stone_brick_wall":3,"minecraft:oak_stairs":1,"minecraft:fire_charge":2,"minecraft:stone_bricks":1,"minecraft:painting":2,"minecraft:barrel":2,"minecraft:chainmail_leggings":1,"enigmaticlegacy:enigmatic_amulet":1,"minecraft:black_wool":1,"minecraft:bone":1},"minecraft:picked_up":{"minecraft:stripped_oak_log":2,"minecraft:birch_log":12,"minecraft:crafting_table":1,"byg:lush_dirt":6,"delightful:animal_fat":2,"minecraft:smithing_table":1,"byg:tall_pink_allium":1,"minecraft:oak_stairs":1,"minecraft:stone_brick_wall":3,"minecraft:birch_planks":1,"minecraft:yellow_bed":1,"byg:crocus":2,"minecraft:string":2,"minecraft:dirt":44,"minecraft:lantern":1,"minecraft:item_frame":4,"minecraft:red_carpet":4,"minecraft:bone":2,"minecraft:stone_bricks":15,"minecraft:cobbled_deepslate":17,"minecraft:raw_gold":3,"farmersdelight:straw":1,"minecraft:birch_sapling":1,"minecraft:oak_planks":1,"minecraft:furnace":1,"apotheosis:gem":4,"minecraft:cooked_porkchop":6,"minecraft:oak_door":1,"minecraft:deepslate_brick_wall":1,"minecraft:oak_fence":1,"minecraft:oak_pressure_plate":1,"minecraft:torch":3,"minecraft:spruce_stairs":1,"minecraft:fire_charge":2,"minecraft:porkchop":13,"undead_unleashed:grave_metal_scrap":2,"minecraft:blast_furnace":1,"minecraft:carrot":2,"farmersdelight:ham":2,"minecraft:barrel":2,"minecraft:orange_wool":3,"minecraft:mangrove_pressure_plate":1,"minecraft:diamond":6,"minecraft:arrow":2,"minecraft:dispenser":1,"minecraft:rotten_flesh":7,"minecraft:slime_ball":1,"enigmaticlegacy:cursed_ring":1,"byg:tall_allium":1,"knightquest:small_essence":3,"minecraft:iron_block":1,"minecraft:painting":2,"minecraft:gold_ingot":1,"minecraft:oak_sapling":1,"minecraft:black_wool":1,"minecraft:skeleton_skull":1,"minecraft:cobblestone":12},"minecraft:used":{"minecraft:iron_shovel":28,"farmersdelight:diamond_knife":84,"minecraft:birch_planks":4,"minecraft:wooden_pickaxe":4,"minecraft:chainmail_helmet":1,"minecraft:leather_boots":1,"minecraft:dirt":6,"minecraft:crafting_table":2,"minecraft:chainmail_chestplate":1,"minecraft:carrot":4,"minecraft:wooden_axe":23,"minecraft:bread":2,"minecraft:wooden_sword":6,"minecraft:potion":1,"minecraft:porkchop":2,"minecraft:cooked_porkchop":7,"minecraft:bucket":1,"minecraft:golden_pickaxe":27,"minecraft:chainmail_leggings":1},"minecraft:crafted":{"minecraft:cooked_porkchop":4,"minecraft:birch_planks":24,"minecraft:air":0},"minecraft:mined":{"minecraft:smithing_table":1,"minecraft:red_carpet":2,"minecraft:deepslate_brick_wall":1,"minecraft:orange_terracotta":2,"minecraft:orange_wool":3,"minecraft:crafting_table":1,"delightful:pumpkin_pie":2,"undead_unleashed:grave_soil":1,"minecraft:grass_block":17,"minecraft:tall_grass":3,"minecraft:oak_planks":1,"minecraft:birch_planks":1,"minecraft:fire":1,"minecraft:birch_log":12,"minecraft:cobbled_deepslate":1,"minecraft:birch_leaves":2,"minecraft:grass":7,"minecraft:vine":1,"minecraft:dirt":15,"minecraft:cobweb":3,"minecraft:stone_bricks":15,"minecraft:oak_leaves":12,"byg:tall_prairie_grass":2}},"DataVersion":3120}