{"stats":{"minecraft:broken":{"aether:golden_gloves":1,"minecraft:chainmail_leggings":1,"minecraft:chainmail_helmet":1,"minecraft:leather_boots":1,"minecraft:iron_pickaxe":4,"minecraft:golden_pickaxe":1},"minecraft:custom":{"minecraft:interact_with_smithing_table":1,"enigmaticlegacy:play_time_with_seven_curses":258553,"lootr:looted_stat":51,"minecraft:mob_kills":6,"minecraft:interact_with_crafting_table":32,"goblintraders:trade_with_goblin":17,"minecraft:damage_dealt_resisted":663,"minecraft:leave_game":7,"minecraft:time_since_death":21447,"minecraft:climb_one_cm":5759,"minecraft:damage_resisted":35,"minecraft:sprint_one_cm":620639,"minecraft:walk_one_cm":742367,"minecraft:drop":70,"minecraft:talked_to_villager":4,"minecraft:play_time":281296,"minecraft:deaths":40,"minecraft:sneak_time":2360,"minecraft:walk_under_water_one_cm":22558,"minecraft:boat_one_cm":1508,"minecraft:jump":2989,"minecraft:walk_on_water_one_cm":19343,"minecraft:total_world_time":281296,"minecraft:interact_with_furnace":15,"enigmaticlegacy:play_time_without_seven_curses":21450,"minecraft:interact_with_grindstone":1,"minecraft:sleep_in_bed":2,"minecraft:time_since_rest":21472,"minecraft:waystone_activated":1,"minecraft:damage_taken":23485,"minecraft:damage_absorbed":40,"minecraft:damage_dealt":3734,"minecraft:player_kills":1,"minecraft:fly_one_cm":778754,"minecraft:swim_one_cm":31387,"minecraft:open_chest":48,"minecraft:crouch_one_cm":3848,"minecraft:fall_one_cm":70214},"minecraft:used":{"farmersdelight:diamond_knife":84,"minecraft:iron_shovel":55,"woodworks:oak_chest":3,"minecraft:chest":1,"minecraft:torch":67,"minecraft:dirt":15,"minecraft:chainmail_chestplate":1,"minecraft:carrot":4,"minecraft:tuff":9,"minecraft:wooden_axe":23,"woodworks:birch_chest":3,"minecraft:furnace":4,"byg:skyris_crafting_table":1,"minecraft:birch_planks":4,"minecraft:baked_potato":13,"minecraft:birch_boat":2,"minecraft:wooden_pickaxe":4,"minecraft:chainmail_helmet":1,"minecraft:diamond_axe":101,"minecraft:leather_boots":1,"minecraft:golden_apple":1,"minecraft:crafting_table":6,"minecraft:diamond_pickaxe":567,"byg:skyris_planks":107,"minecraft:bread":23,"minecraft:iron_pickaxe":1000,"forbidden_arcanus:darkstone":3,"minecraft:wooden_sword":6,"minecraft:potion":1,"minecraft:cobblestone":3,"minecraft:purple_bed":1,"minecraft:cooked_porkchop":7,"minecraft:porkchop":2,"minecraft:smithing_table":1,"minecraft:bucket":1,"minecraft:coarse_dirt":2,"minecraft:golden_pickaxe":32,"minecraft:chainmail_leggings":1},"minecraft:crafted":{"minecraft:oak_planks":120,"minecraft:furnace":4,"woodworks:birch_chest":2,"minecraft:cooked_porkchop":4,"minecraft:spruce_planks":4,"minecraft:birch_planks":52,"minecraft:air":0,"woodworks:oak_chest":2,"byg:skyris_planks":104,"minecraft:stick":20,"minecraft:flint":22,"minecraft:iron_ingot":12,"minecraft:torch":80},"minecraft:picked_up":{"minecraft:crafting_table":2,"minecraft:coarse_dirt":2,"byg:soapstone":44,"byg:lush_dirt":6,"twigs:roseate_seashell":1,"byg:tall_pink_allium":1,"minecraft:smithing_table":1,"byg:stripped_skyris_log":1,"minecraft:oak_stairs":1,"minecraft:stone_brick_wall":3,"byg:crocus":3,"minecraft:string":14,"minecraft:raw_copper":2,"byg:skyris_fence":6,"minecraft:item_frame":4,"twigs:opaline_seashell":1,"woodworks:oak_chest":1,"minecraft:beetroot":1,"minecraft:cobbled_deepslate":869,"twigs:pebble":6,"farmersdelight:straw":1,"minecraft:birch_sapling":1,"minecraft:egg":1,"minecraft:furnace":1,"minecraft:raw_iron":6,"apotheosis:gem":9,"minecraft:oak_door":1,"minecraft:deepslate_brick_wall":1,"minecraft:oak_fence":1,"minecraft:torch":6,"minecraft:spruce_stairs":1,"minecraft:porkchop":13,"minecraft:fire_charge":2,"minecraft:target":1,"minecraft:diorite":2,"enigmaticlegacy:withered_tome":1,"minecraft:carrot":2,"majruszsaccessories:adventurer_kit":3,"minecraft:redstone":151,"minecraft:mangrove_pressure_plate":1,"minecraft:tnt":2,"minecraft:arrow":14,"minecraft:rotten_flesh":7,"minecraft:beetroot_seeds":1,"majruszsaccessories:lucky_rock":1,"minecraft:iron_block":1,"minecraft:gold_ingot":1,"byg:skyris_planks":6,"minecraft:birch_log":13,"minecraft:skeleton_skull":1,"minecraft:cobblestone":145,"minecraft:stripped_oak_log":2,"majruszsaccessories:tool_scraps":1,"woodworks:birch_chest":1,"delightful:animal_fat":2,"minecraft:andesite":1,"minecraft:birch_planks":1,"minecraft:flint":1,"minecraft:tuff":119,"minecraft:oak_log":23,"minecraft:yellow_bed":1,"byg:dacite_cobblestone":35,"minecraft:lapis_lazuli":38,"minecraft:dirt":50,"minecraft:lantern":1,"minecraft:red_carpet":4,"minecraft:bone":4,"minecraft:stone_bricks":16,"minecraft:wheat_seeds":3,"minecraft:raw_gold":19,"byg:skyris_sapling":1,"galosphere:raw_silver":9,"minecraft:oak_planks":2,"forbidden_arcanus:darkstone":228,"minecraft:book":3,"minecraft:cooked_porkchop":6,"minecraft:birch_boat":3,"minecraft:oak_pressure_plate":1,"minecraft:gravel":13,"minecraft:sand":8,"undead_unleashed:grave_metal_scrap":4,"minecraft:blast_furnace":2,"minecraft:spruce_log":1,"farmersdelight:ham":2,"minecraft:spider_eye":2,"minecraft:barrel":2,"minecraft:leather_helmet":1,"minecraft:orange_wool":3,"byg:skyris_log":28,"minecraft:dispenser":1,"minecraft:purple_bed":1,"minecraft:slime_ball":1,"byg:skyris_crafting_table":1,"enigmaticlegacy:cursed_ring":1,"minecraft:diamond":19,"byg:tall_allium":1,"knightquest:small_essence":3,"minecraft:granite":29,"minecraft:painting":2,"minecraft:emerald":8,"minecraft:oak_sapling":6,"twigs:rhyolite":18,"minecraft:black_wool":1,"minecraft:coal":26},"minecraft:mined":{"byg:skyris_fence":3,"minecraft:red_carpet":2,"minecraft:tuff":128,"minecraft:deepslate_diamond_ore":10,"minecraft:orange_wool":3,"minecraft:granite":29,"minecraft:grass_block":17,"byg:skyris_log":28,"byg:stripped_skyris_log":1,"woodworks:birch_chest":1,"byg:crocus":1,"minecraft:iron_ore":6,"minecraft:fire":1,"minecraft:cobbled_deepslate":2,"minecraft:target":1,"minecraft:andesite":1,"byg:skyris_stairs":3,"minecraft:deepslate_lapis_ore":5,"minecraft:bookshelf":1,"minecraft:vine":1,"minecraft:stone":133,"twigs:opaline_seashell":1,"byg:tall_prairie_grass":2,"byg:dacite":35,"minecraft:podzol":2,"minecraft:smithing_table":1,"minecraft:deepslate_redstone_ore":30,"minecraft:deepslate_brick_wall":1,"minecraft:orange_terracotta":2,"galosphere:deepslate_silver_ore":6,"minecraft:crafting_table":2,"delightful:pumpkin_pie":2,"undead_unleashed:grave_soil":1,"twigs:roseate_seashell":1,"woodworks:oak_chest":1,"minecraft:tall_grass":3,"minecraft:copper_ore":1,"minecraft:deepslate_gold_ore":12,"minecraft:oak_planks":1,"minecraft:diorite":2,"minecraft:wall_torch":3,"byg:soapstone":44,"minecraft:birch_planks":1,"minecraft:purple_bed":1,"minecraft:coarse_dirt":2,"byg:skyris_crafting_table":1,"forbidden_arcanus:darkstone":228,"minecraft:birch_log":12,"minecraft:spruce_log":1,"minecraft:birch_leaves":2,"minecraft:tnt":2,"minecraft:stone_brick_stairs":1,"minecraft:grass":19,"byg:skyris_planks":6,"minecraft:oak_log":23,"minecraft:coal_ore":22,"byg:skyris_vine":1,"minecraft:gravel":14,"minecraft:sand":8,"minecraft:dirt":19,"minecraft:cobweb":3,"twigs:rhyolite":18,"minecraft:stone_bricks":19,"minecraft:oak_leaves":14,"minecraft:deepslate":852},"minecraft:killed":{"minecraft:spider":1,"minecraft:pig":4,"minecraft:zombie":1},"minecraft:killed_by":{"minecraft:player":2,"royalvariations:royal_skeleton":2,"minecraft:zombified_piglin":4,"minecraft:creeper":2,"minecraft:spider":1,"minecraft:enderman":2,"enemyexpansion:equestrian":1,"undead_unleashed:shadewraith":1,"minecraft:chicken":1,"mutantmonsters:mutant_skeleton":1,"minecraft:skeleton":1,"minecraft:phantom":13,"minecraft:zombie":1,"enemyexpansion:direwolf":1},"minecraft:dropped":{"minecraft:enchanted_book":1,"minecraft:bread":1,"minecraft:birch_planks":9,"minecraft:mangrove_pressure_plate":1,"minecraft:oak_pressure_plate":1,"minecraft:deepslate_brick_wall":1,"majruszsaccessories:adventurer_kit":4,"minecraft:oak_fence":1,"minecraft:lantern":1,"undead_unleashed:grave_metal_scrap":1,"blue_skies:ventium_ingot":3,"minecraft:leather_helmet":2,"minecraft:mushroom_stew":1,"minecraft:item_frame":4,"minecraft:emerald":4,"minecraft:stick":10,"minecraft:flint":9,"minecraft:cobweb":4,"minecraft:iron_block":1,"origins:orb_of_origin":1,"minecraft:dispenser":1,"minecraft:fire_charge":2,"minecraft:oak_stairs":1,"minecraft:iron_pickaxe":1,"byg:skyris_fence":6,"minecraft:chainmail_leggings":1,"twigs:opaline_seashell":1,"minecraft:gold_ingot":1,"minecraft:bone":1,"minecraft:furnace":1,"majruszsaccessories:tool_scraps":1,"minecraft:birch_sapling":1,"minecraft:rotten_flesh":7,"byg:tall_allium":1,"minecraft:oak_planks":1,"farmersdelight:straw":1,"byg:stripped_skyris_log":1,"enigmaticlegacy:cursed_ring":1,"minecraft:chainmail_chestplate":1,"minecraft:blast_furnace":2,"minecraft:target":1,"byg:skyris_sapling":1,"byg:crocus":3,"minecraft:stone_brick_wall":3,"woodworks:oak_chest":1,"apotheosis:gem":1,"minecraft:oak_sapling":4,"minecraft:painting":2,"minecraft:stone_bricks":1,"minecraft:barrel":2,"minecraft:birch_boat":1,"delightful:animal_fat":2,"enigmaticlegacy:enigmatic_amulet":1,"majruszsaccessories:lucky_rock":1,"minecraft:black_wool":1}},"DataVersion":3120}