{"stats":{"minecraft:used":{"minecraft:iron_shovel":28,"farmersdelight:diamond_knife":84,"woodworks:oak_chest":1,"minecraft:chest":1,"minecraft:dirt":12,"minecraft:chainmail_chestplate":1,"minecraft:carrot":4,"minecraft:wooden_axe":23,"woodworks:birch_chest":3,"byg:skyris_crafting_table":1,"minecraft:birch_planks":4,"minecraft:baked_potato":1,"minecraft:wooden_pickaxe":4,"minecraft:birch_boat":2,"minecraft:chainmail_helmet":1,"minecraft:diamond_axe":41,"minecraft:leather_boots":1,"minecraft:golden_apple":1,"minecraft:crafting_table":4,"byg:skyris_planks":107,"minecraft:bread":18,"minecraft:wooden_sword":6,"minecraft:potion":1,"minecraft:purple_bed":1,"minecraft:porkchop":2,"minecraft:cooked_porkchop":7,"minecraft:bucket":1,"minecraft:golden_pickaxe":32,"minecraft:chainmail_leggings":1},"minecraft:mined":{"minecraft:red_carpet":2,"minecraft:orange_wool":3,"minecraft:grass_block":17,"byg:skyris_log":28,"woodworks:birch_chest":1,"byg:crocus":1,"minecraft:cobbled_deepslate":1,"minecraft:fire":1,"byg:skyris_stairs":3,"minecraft:bookshelf":1,"minecraft:vine":1,"twigs:opaline_seashell":1,"byg:tall_prairie_grass":2,"minecraft:smithing_table":1,"minecraft:deepslate_brick_wall":1,"minecraft:orange_terracotta":2,"minecraft:crafting_table":1,"delightful:pumpkin_pie":2,"undead_unleashed:grave_soil":1,"woodworks:oak_chest":1,"minecraft:tall_grass":3,"minecraft:oak_planks":1,"minecraft:purple_bed":1,"minecraft:birch_planks":1,"byg:skyris_crafting_table":1,"minecraft:birch_log":12,"minecraft:birch_leaves":2,"minecraft:tnt":2,"minecraft:stone_brick_stairs":1,"minecraft:grass":19,"byg:skyris_planks":6,"byg:skyris_vine":1,"minecraft:dirt":15,"minecraft:cobweb":3,"minecraft:stone_bricks":19,"minecraft:oak_leaves":12},"minecraft:picked_up":{"minecraft:crafting_table":1,"byg:lush_dirt":6,"minecraft:smithing_table":1,"byg:tall_pink_allium":1,"minecraft:oak_stairs":1,"minecraft:stone_brick_wall":3,"byg:crocus":3,"minecraft:string":2,"minecraft:item_frame":4,"twigs:opaline_seashell":1,"woodworks:oak_chest":1,"minecraft:cobbled_deepslate":17,"farmersdelight:straw":1,"minecraft:birch_sapling":1,"minecraft:furnace":1,"minecraft:egg":1,"apotheosis:gem":5,"minecraft:oak_door":1,"minecraft:deepslate_brick_wall":1,"minecraft:oak_fence":1,"minecraft:torch":3,"minecraft:spruce_stairs":1,"minecraft:fire_charge":2,"minecraft:porkchop":13,"enigmaticlegacy:withered_tome":1,"minecraft:carrot":2,"minecraft:mangrove_pressure_plate":1,"minecraft:tnt":2,"minecraft:arrow":14,"minecraft:rotten_flesh":7,"minecraft:iron_block":1,"minecraft:gold_ingot":1,"byg:skyris_planks":6,"minecraft:skeleton_skull":1,"minecraft:cobblestone":12,"minecraft:stripped_oak_log":2,"minecraft:birch_log":13,"majruszsaccessories:tool_scraps":1,"woodworks:birch_chest":1,"delightful:animal_fat":2,"minecraft:birch_planks":1,"minecraft:yellow_bed":1,"minecraft:dirt":44,"minecraft:lantern":1,"minecraft:red_carpet":4,"minecraft:bone":4,"minecraft:stone_bricks":16,"minecraft:wheat_seeds":3,"minecraft:raw_gold":3,"byg:skyris_sapling":1,"minecraft:oak_planks":2,"minecraft:book":3,"minecraft:cooked_porkchop":6,"minecraft:birch_boat":3,"minecraft:oak_pressure_plate":1,"undead_unleashed:grave_metal_scrap":4,"minecraft:blast_furnace":2,"farmersdelight:ham":2,"minecraft:barrel":2,"minecraft:orange_wool":3,"minecraft:leather_helmet":1,"byg:skyris_log":28,"minecraft:diamond":6,"minecraft:dispenser":1,"minecraft:slime_ball":1,"minecraft:purple_bed":1,"byg:skyris_crafting_table":1,"enigmaticlegacy:cursed_ring":1,"byg:tall_allium":1,"knightquest:small_essence":3,"minecraft:painting":2,"minecraft:emerald":8,"minecraft:oak_sapling":5,"minecraft:black_wool":1},"minecraft:killed":{"minecraft:pig":4,"minecraft:zombie":1},"minecraft:broken":{"aether:golden_gloves":1,"minecraft:chainmail_helmet":1,"minecraft:leather_boots":1,"minecraft:golden_pickaxe":1},"minecraft:custom":{"enigmaticlegacy:play_time_with_seven_curses":123965,"lootr:looted_stat":48,"minecraft:mob_kills":5,"minecraft:interact_with_crafting_table":21,"minecraft:damage_dealt_resisted":663,"minecraft:leave_game":5,"minecraft:time_since_death":7437,"minecraft:climb_one_cm":5532,"minecraft:damage_resisted":35,"minecraft:sprint_one_cm":424134,"minecraft:walk_one_cm":463506,"minecraft:drop":55,"minecraft:talked_to_villager":2,"minecraft:play_time":146440,"minecraft:deaths":32,"minecraft:sneak_time":1251,"minecraft:walk_under_water_one_cm":20530,"minecraft:boat_one_cm":1508,"minecraft:jump":1841,"minecraft:walk_on_water_one_cm":10860,"minecraft:total_world_time":146440,"minecraft:interact_with_furnace":8,"enigmaticlegacy:play_time_without_seven_curses":21450,"minecraft:sleep_in_bed":2,"minecraft:time_since_rest":7462,"minecraft:waystone_activated":1,"minecraft:damage_taken":17765,"minecraft:damage_absorbed":40,"minecraft:damage_dealt":2382,"minecraft:swim_one_cm":30133,"minecraft:fly_one_cm":506091,"minecraft:open_chest":10,"minecraft:crouch_one_cm":2706,"minecraft:fall_one_cm":49762},"minecraft:crafted":{"minecraft:oak_planks":28,"woodworks:birch_chest":2,"minecraft:cooked_porkchop":4,"minecraft:birch_planks":52,"minecraft:air":0,"byg:skyris_planks":104},"minecraft:dropped":{"minecraft:enchanted_book":1,"minecraft:bread":1,"minecraft:birch_planks":9,"minecraft:mangrove_pressure_plate":1,"minecraft:oak_pressure_plate":1,"minecraft:deepslate_brick_wall":1,"minecraft:oak_fence":1,"minecraft:lantern":1,"undead_unleashed:grave_metal_scrap":1,"blue_skies:ventium_ingot":3,"minecraft:leather_helmet":2,"minecraft:mushroom_stew":1,"minecraft:item_frame":4,"minecraft:emerald":4,"minecraft:stick":8,"minecraft:flint":9,"minecraft:cobweb":4,"minecraft:iron_block":1,"origins:orb_of_origin":1,"minecraft:dispenser":1,"minecraft:fire_charge":2,"minecraft:oak_stairs":1,"minecraft:iron_pickaxe":1,"minecraft:chainmail_leggings":1,"minecraft:gold_ingot":1,"minecraft:bone":1,"minecraft:furnace":1,"majruszsaccessories:tool_scraps":1,"minecraft:birch_sapling":1,"minecraft:rotten_flesh":7,"byg:tall_allium":1,"minecraft:oak_planks":1,"farmersdelight:straw":1,"enigmaticlegacy:cursed_ring":1,"minecraft:chainmail_chestplate":1,"minecraft:blast_furnace":2,"byg:skyris_sapling":1,"byg:crocus":3,"minecraft:stone_brick_wall":3,"apotheosis:gem":1,"woodworks:oak_chest":1,"minecraft:oak_sapling":4,"minecraft:stone_bricks":1,"minecraft:barrel":2,"minecraft:painting":2,"minecraft:birch_boat":1,"delightful:animal_fat":2,"enigmaticlegacy:enigmatic_amulet":1,"minecraft:black_wool":1},"minecraft:killed_by":{"minecraft:player":1,"royalvariations:royal_skeleton":2,"minecraft:zombified_piglin":4,"minecraft:creeper":2,"enemyexpansion:equestrian":1,"minecraft:chicken":1,"mutantmonsters:mutant_skeleton":1,"minecraft:phantom":11,"minecraft:zombie":1,"enemyexpansion:direwolf":1}},"DataVersion":3120}