{"stats":{"minecraft:mined":{"minecraft:birch_log":7,"minecraft:crafting_table":1,"minecraft:grass_block":2,"minecraft:dirt":12,"twigs:twig":1,"minecraft:stone":12},"minecraft:custom":{"minecraft:time_since_rest":6681,"enigmaticlegacy:play_time_with_seven_curses":14077,"minecraft:sprint_one_cm":6206,"minecraft:damage_taken":1296,"minecraft:walk_one_cm":47966,"minecraft:mob_kills":1,"minecraft:drop":6,"minecraft:damage_dealt":757,"enigmaticlegacy:play_time_without_seven_curses":9921,"minecraft:fly_one_cm":8867,"minecraft:interact_with_crafting_table":2,"minecraft:player_kills":1,"minecraft:crouch_one_cm":500,"minecraft:play_time":24110,"minecraft:deaths":2,"minecraft:sneak_time":97,"minecraft:jump":96,"minecraft:time_since_death":6601,"minecraft:total_world_time":24110,"minecraft:fall_one_cm":2786},"minecraft:dropped":{"byg:biomepedia":1,"relics:holy_locket":1,"minecraft:cobblestone":3,"enigmaticlegacy:cursed_ring":1},"minecraft:killed":{"royalvariations:royal_zombie":1},"minecraft:used":{"minecraft:wooden_pickaxe":12,"minecraft:dirt":1,"minecraft:crafting_table":1,"minecraft:birch_log":1,"minecraft:experience_bottle":7},"minecraft:picked_up":{"minecraft:birch_log":7,"minecraft:crafting_table":1,"relics:holy_locket":1,"patchouli:guide_book":5,"alexsmobs:animal_dictionary":2,"minecraft:dirt":14,"byg:biomepedia":3,"enigmaticlegacy:cursed_ring":1,"ars_nouveau:worn_notebook":2,"twigs:twig":3,"minecraft:birch_sapling":2,"minecraft:cobblestone":12},"minecraft:killed_by":{"minecraft:player":1,"royalvariations:royal_zombie":1}},"DataVersion":3120}