{"stats":{"minecraft:mined":{"minecraft:dark_oak_log":2,"minecraft:crafting_table":5,"minecraft:torch":1,"minecraft:grass_block":5,"twigs:twig":1,"minecraft:birch_log":23,"minecraft:iron_ore":10,"minecraft:fire":1,"minecraft:birch_leaves":2,"minecraft:pumpkin":1,"minecraft:grass":2,"minecraft:coal_ore":18,"darkerdepths:shale":1,"minecraft:dirt":22,"minecraft:stone":14},"minecraft:custom":{"enigmaticlegacy:play_time_with_seven_curses":49571,"minecraft:interact_with_furnace":12,"lootr:looted_stat":3,"minecraft:mob_kills":11,"enigmaticlegacy:play_time_without_seven_curses":9921,"minecraft:interact_with_crafting_table":6,"minecraft:damage_dealt_resisted":0,"minecraft:time_since_death":252,"minecraft:climb_one_cm":924,"minecraft:time_since_rest":277,"minecraft:sprint_one_cm":52731,"minecraft:damage_taken":5637,"minecraft:walk_one_cm":181408,"minecraft:drop":52,"minecraft:damage_dealt":3941,"minecraft:player_kills":6,"minecraft:fly_one_cm":60042,"minecraft:crouch_one_cm":2403,"minecraft:play_time":60110,"minecraft:deaths":17,"minecraft:sneak_time":691,"minecraft:walk_under_water_one_cm":985,"minecraft:jump":365,"minecraft:walk_on_water_one_cm":1474,"minecraft:total_world_time":60110,"minecraft:fall_one_cm":9426},"minecraft:dropped":{"byg:biomepedia":1,"minecraft:stone_sword":1,"minecraft:smooth_stone_slab":8,"minecraft:deepslate_brick_wall":1,"minecraft:cooked_porkchop":22,"minecraft:cobblestone":9,"darkerdepths:shale":2,"enigmaticlegacy:cursed_ring":2,"enigmaticlegacy:enigmatic_eye":2,"minecraft:diamond_sword":1,"supplementaries:ash":1,"relics:holy_locket":1,"apotheosis:gem":1,"knightquest:small_essence":2,"minecraft:dark_oak_planks":4,"minecraft:tripwire_hook":1,"sons_of_sins:flesh_of_demise":1},"minecraft:killed":{"minecraft:pig":7,"byg:pumpkin_warden":3,"royalvariations:royal_zombie":1,"sons_of_sins:betrayed_guzzler":1},"minecraft:crafted":{"minecraft:cooked_porkchop":0},"minecraft:used":{"minecraft:stone_pickaxe":32,"minecraft:wooden_pickaxe":12,"minecraft:golden_apple":1,"minecraft:torch":5,"minecraft:dirt":26,"minecraft:crafting_table":5,"minecraft:mushroom_stew":1,"majruszsdifficulty:tattered_leggings":1,"minecraft:stone_axe":1,"minecraft:diamond_sword":30,"minecraft:furnace":2,"minecraft:birch_log":1,"minecraft:pumpkin":1,"minecraft:experience_bottle":10},"minecraft:picked_up":{"minecraft:birch_log":29,"minecraft:crafting_table":6,"relics:holy_locket":2,"minecraft:tripwire_hook":1,"minecraft:diamond_sword":3,"minecraft:wooden_pickaxe":1,"minecraft:birch_planks":8,"minecraft:mushroom_stew":1,"enigmaticlegacy:enigmatic_eye":3,"minecraft:lapis_lazuli":8,"minecraft:dirt":63,"darkerdepths:shale":3,"minecraft:smooth_stone_slab":8,"minecraft:stone_bricks":1,"irons_spellbooks:arcane_essence":7,"minecraft:cobbled_deepslate":1,"majruszsdifficulty:tattered_leggings":1,"minecraft:stone_pickaxe":1,"twigs:twig":4,"minecraft:birch_sapling":5,"minecraft:stick":5,"minecraft:raw_iron":23,"apotheosis:gem":3,"minecraft:cooked_porkchop":8,"minecraft:pumpkin":1,"minecraft:deepslate_brick_wall":2,"patchouli:guide_book":5,"minecraft:torch":4,"minecraft:porkchop":24,"enigmaticlegacy:enigmatic_amulet":1,"minecraft:redstone":2,"minecraft:dark_oak_log":2,"alexsmobs:animal_dictionary":2,"sons_of_sins:flesh_of_demise":2,"minecraft:stone_sword":1,"byg:biomepedia":3,"minecraft:arrow":5,"enigmaticlegacy:cursed_ring":2,"minecraft:stone_axe":1,"minecraft:pumpkin_pie":3,"ars_nouveau:worn_notebook":2,"knightquest:small_essence":3,"minecraft:bread":1,"minecraft:golden_apple":6,"minecraft:gold_ingot":8,"minecraft:emerald":8,"supplementaries:ash":1,"minecraft:coal":34,"irons_spellbooks:ancient_knowledge_fragment":1,"minecraft:cobblestone":38,"minecraft:diamond_pickaxe":1},"minecraft:killed_by":{"minecraft:warden":1,"minecraft:player":3,"minecraft:creeper":1,"minecraft:zombie":8,"royalvariations:royal_zombie":1}},"DataVersion":3120}