{"stats":{"minecraft:mined":{"minecraft:candle":3,"minecraft:dark_oak_log":2,"minecraft:crafting_table":5,"minecraft:torch":1,"minecraft:grass_block":5,"twigs:twig":1,"byg:lush_grass_block":4,"byg:lush_dirt":1,"minecraft:birch_log":24,"minecraft:iron_ore":10,"minecraft:fire":1,"minecraft:birch_leaves":9,"minecraft:pumpkin":1,"minecraft:grass":2,"minecraft:coal_ore":18,"darkerdepths:shale":1,"minecraft:dirt":22,"minecraft:stone":14},"minecraft:custom":{"enigmaticlegacy:play_time_with_seven_curses":62227,"minecraft:interact_with_furnace":12,"lootr:looted_stat":7,"minecraft:mob_kills":13,"enigmaticlegacy:play_time_without_seven_curses":9921,"minecraft:interact_with_crafting_table":6,"minecraft:damage_dealt_resisted":0,"minecraft:leave_game":1,"minecraft:time_since_death":76,"minecraft:climb_one_cm":924,"minecraft:damage_resisted":0,"minecraft:damage_absorbed":40,"minecraft:time_since_rest":113,"minecraft:sprint_one_cm":82864,"minecraft:damage_taken":17596,"minecraft:walk_one_cm":253251,"minecraft:drop":55,"minecraft:damage_dealt":5370,"minecraft:player_kills":6,"minecraft:fly_one_cm":89285,"minecraft:crouch_one_cm":2450,"minecraft:play_time":73810,"minecraft:deaths":40,"minecraft:sneak_time":702,"minecraft:walk_under_water_one_cm":3381,"minecraft:jump":512,"minecraft:walk_on_water_one_cm":2008,"minecraft:total_world_time":73810,"minecraft:fall_one_cm":18003},"minecraft:broken":{"majruszsdifficulty:tattered_leggings":1},"minecraft:dropped":{"byg:biomepedia":1,"minecraft:stone_sword":1,"minecraft:smooth_stone_slab":8,"minecraft:deepslate_brick_wall":1,"minecraft:cooked_porkchop":22,"minecraft:cobblestone":9,"darkerdepths:shale":2,"byg:lush_dirt":5,"enigmaticlegacy:cursed_ring":2,"minecraft:dirt":11,"enigmaticlegacy:enigmatic_eye":2,"minecraft:diamond_sword":1,"supplementaries:ash":1,"relics:holy_locket":1,"apotheosis:gem":1,"knightquest:small_essence":2,"minecraft:dark_oak_planks":4,"minecraft:tripwire_hook":1,"sons_of_sins:flesh_of_demise":1},"minecraft:killed":{"minecraft:pig":9,"byg:pumpkin_warden":3,"minecraft:phantom":1,"royalvariations:royal_zombie":1,"sons_of_sins:betrayed_guzzler":1},"minecraft:crafted":{"minecraft:cooked_porkchop":0},"minecraft:used":{"minecraft:stone_pickaxe":32,"minecraft:wooden_pickaxe":12,"minecraft:golden_apple":2,"minecraft:torch":5,"minecraft:dirt":26,"minecraft:crafting_table":5,"minecraft:mushroom_stew":1,"majruszsdifficulty:tattered_leggings":1,"minecraft:stone_axe":1,"minecraft:diamond_sword":42,"minecraft:furnace":2,"minecraft:cooked_porkchop":1,"minecraft:birch_log":1,"minecraft:candle":10,"minecraft:pumpkin":1,"minecraft:experience_bottle":10},"minecraft:picked_up":{"minecraft:birch_log":30,"minecraft:crafting_table":6,"byg:lush_dirt":5,"relics:holy_locket":2,"minecraft:tripwire_hook":1,"minecraft:diamond_sword":3,"minecraft:wooden_pickaxe":1,"minecraft:birch_planks":8,"minecraft:mushroom_stew":1,"enigmaticlegacy:enigmatic_eye":3,"minecraft:lapis_lazuli":8,"minecraft:dirt":63,"darkerdepths:shale":3,"minecraft:smooth_stone_slab":8,"minecraft:stone_bricks":1,"minecraft:candle":6,"irons_spellbooks:arcane_essence":7,"minecraft:cobbled_deepslate":1,"majruszsdifficulty:tattered_leggings":1,"minecraft:stone_pickaxe":1,"twigs:twig":4,"minecraft:birch_sapling":5,"minecraft:phantom_membrane":1,"minecraft:stick":5,"minecraft:raw_iron":23,"apotheosis:gem":3,"minecraft:cooked_porkchop":8,"minecraft:pumpkin":1,"minecraft:deepslate_brick_wall":2,"patchouli:guide_book":5,"minecraft:torch":4,"minecraft:porkchop":26,"enigmaticlegacy:enigmatic_amulet":1,"minecraft:redstone":2,"minecraft:dark_oak_log":2,"alexsmobs:animal_dictionary":2,"sons_of_sins:flesh_of_demise":2,"minecraft:stone_sword":1,"byg:biomepedia":3,"minecraft:arrow":5,"enigmaticlegacy:cursed_ring":2,"minecraft:stone_axe":1,"minecraft:pumpkin_pie":3,"ars_nouveau:worn_notebook":2,"minecraft:chainmail_leggings":1,"knightquest:small_essence":3,"minecraft:bread":1,"minecraft:golden_apple":6,"minecraft:gold_ingot":8,"minecraft:emerald":8,"supplementaries:ash":1,"minecraft:coal":34,"irons_spellbooks:ancient_knowledge_fragment":1,"minecraft:cobblestone":38,"minecraft:diamond_pickaxe":1},"minecraft:killed_by":{"minecraft:warden":1,"minecraft:player":4,"minecraft:skeleton":5,"minecraft:creeper":1,"minecraft:zombie":8,"minecraft:enderman":16,"royalvariations:royal_zombie":1,"enemyexpansion:goblin":1}},"DataVersion":3120}