{"stats":{"minecraft:custom":{"minecraft:jump":4,"minecraft:time_since_rest":12110,"enigmaticlegacy:play_time_with_seven_curses":2189,"minecraft:damage_dealt":384,"minecraft:play_time":12110,"minecraft:damage_taken":145,"minecraft:time_since_death":12110,"minecraft:walk_one_cm":4928,"enigmaticlegacy:play_time_without_seven_curses":9921,"minecraft:total_world_time":12110,"minecraft:fall_one_cm":335,"minecraft:drop":1,"minecraft:fly_one_cm":433},"minecraft:dropped":{"enigmaticlegacy:cursed_ring":1},"minecraft:picked_up":{"enigmaticlegacy:cursed_ring":1}},"DataVersion":3120}