{"stats":{"minecraft:mined":{"minecraft:spruce_planks":1,"minecraft:white_bed":1,"minecraft:cobbled_deepslate_stairs":4,"minecraft:sculk_vein":4,"minecraft:cobblestone_stairs":1,"minecraft:red_nether_bricks":4,"minecraft:nether_bricks":15,"minecraft:grass_block":223,"minecraft:crimson_roots":1,"minecraft:spruce_leaves":1,"minecraft:sculk_catalyst":1,"minecraft:snow":12,"minecraft:andesite":1,"minecraft:deepslate_lapis_ore":2,"minecraft:azure_bluet":1,"minecraft:bookshelf":2,"minecraft:iron_bars":6,"minecraft:stone":250,"minecraft:deepslate_redstone_ore":2,"minecraft:redstone_block":1,"mekanism:osmium_ore":2,"minecraft:snow_block":62,"minecraft:dandelion":7,"minecraft:powder_snow":31,"minecraft:crafting_table":1,"minecraft:torch":2,"minecraft:blast_furnace":1,"minecraft:poppy":2,"minecraft:chest":3,"minecraft:sculk_sensor":2,"minecraft:oak_planks":17,"minecraft:sculk":184,"minecraft:wall_torch":5,"minecraft:spruce_log":9,"minecraft:grass":35,"minecraft:oak_log":236,"minecraft:coal_ore":28,"minecraft:gravel":4,"minecraft:dirt":11,"mekanism:deepslate_uranium_ore":2,"minecraft:stone_bricks":3,"minecraft:netherrack":24,"minecraft:chipped_anvil":1,"minecraft:oak_leaves":10,"minecraft:deepslate":46},"minecraft:killed":{"irons_spellbooks:summoned_zombie":4,"graveyard:revenant":1,"alexsmobs:raccoon":2,"minecraft:spider":5,"minecraft:skeleton":5,"alexsmobs:straddler":1,"artifacts:mimic":1,"minecraft:magma_cube":1,"minecraft:pig":4,"minecraft:zombie_villager":1,"alexsmobs:seal":3,"irons_spellbooks:necromancer":1,"minecraft:hoglin":2,"minecraft:creeper":1,"alexsmobs:crimson_mosquito":1,"minecraft:sheep":2,"minecraft:pillager":2,"minecraft:zombie":5,"alexsmobs:cockroach":1,"alexsmobs:terrapin":1,"minecraft:wither_skeleton":2},"minecraft:picked_up":{"sophisticatedbackpacks:gold_backpack":1,"minecraft:crafting_table":1,"minecraft:iron_chestplate":1,"minecraft:azure_bluet":2,"minecraft:redstone_block":1,"minecraft:chainmail_boots":1,"iceandfire:witherbone":3,"mekanism:raw_uranium":2,"minecraft:lead":1,"minecraft:diamond_sword":1,"minecraft:wooden_pickaxe":2,"minecraft:potion":1,"minecraft:enchanted_book":1,"minecraft:shield":1,"minecraft:string":5,"minecraft:red_nether_bricks":4,"minecraft:iron_shovel":1,"irons_spellbooks:arcane_essence":4,"minecraft:cobbled_deepslate":44,"minecraft:spruce_planks":1,"minecraft:poppy":2,"minecraft:chest":3,"minecraft:iron_boots":1,"minecraft:stick":22,"minecraft:raw_iron":2,"minecraft:torch":19,"minecraft:porkchop":15,"tombstone:grave_dust":1,"minecraft:redstone":4,"artifacts:everlasting_beef":1,"minecraft:arrow":24,"minecraft:diamond_chestplate":1,"minecraft:rotten_flesh":8,"minecraft:nether_bricks":14,"minecraft:saddle":1,"minecraft:mutton":6,"minecraft:iron_bars":8,"minecraft:snowball":255,"minecraft:white_wool":2,"minecraft:cobblestone":316,"minecraft:basalt":2,"minecraft:andesite":1,"minecraft:oak_log":268,"minecraft:chainmail_chestplate":1,"minecraft:cobbled_deepslate_stairs":4,"minecraft:cobblestone_stairs":1,"minecraft:gunpowder":2,"alexsmobs:mosquito_proboscis":1,"minecraft:lapis_lazuli":11,"skilltree:gem":3,"minecraft:dirt":215,"irons_spellbooks:hogskin":1,"minecraft:bone":6,"minecraft:chipped_anvil":1,"minecraft:apple":3,"minecraft:stone_bricks":3,"minecraft:bow":1,"minecraft:wheat_seeds":7,"minecraft:iron_ingot":21,"minecraft:diamond_helmet":1,"minecraft:glass_bottle":4,"minecraft:oak_planks":16,"minecraft:book":6,"minecraft:nether_quartz_ore":1,"minecraft:dandelion":7,"minecraft:gravel":3,"minecraft:spruce_sapling":6,"minecraft:blast_furnace":1,"minecraft:white_bed":1,"minecraft:spruce_log":75,"mekanism:raw_osmium":2,"minecraft:bundle":1,"minecraft:diamond":4,"minecraft:diamond_axe":1,"minecraft:crossbow":1,"minecraft:oak_sapling":58,"minecraft:netherrack":24,"minecraft:coal":28,"minecraft:crimson_roots":1},"minecraft:dropped":{"minecraft:iron_ingot":21,"minecraft:wheat_seeds":7,"minecraft:glass_bottle":4,"minecraft:crossbow":1,"minecraft:cobblestone_stairs":31,"minecraft:dirt":4,"minecraft:mutton":2,"minecraft:snowball":64,"minecraft:string":13,"minecraft:redstone":4,"minecraft:bone":2,"minecraft:azure_bluet":1,"minecraft:poppy":1,"minecraft:shield":2,"minecraft:gunpowder":14,"minecraft:iron_chestplate":1,"minecraft:arrow":3,"minecraft:wooden_pickaxe":1},"minecraft:used":{"minecraft:oak_fence":18,"minecraft:iron_shovel":456,"minecraft:chest":6,"minecraft:spruce_planks":2,"minecraft:shield":27,"minecraft:netherrack":23,"minecraft:torch":107,"minecraft:dirt":34,"minecraft:nether_bricks":14,"mekanismtools:osmium_sword":134,"minecraft:oak_fence_gate":2,"minecraft:honey_bottle":2,"minecraft:wooden_axe":1,"minecraft:chipped_anvil":1,"minecraft:iron_axe":291,"minecraft:stone_bricks":33,"artifacts:everlasting_beef":3,"minecraft:furnace":3,"tombstone:gift":3,"minecraft:cobbled_deepslate":11,"minecraft:cobblestone_stairs":10,"minecraft:red_nether_bricks":2,"minecraft:baked_potato":2,"minecraft:oak_planks":825,"minecraft:glass_bottle":1,"minecraft:stone_pickaxe":265,"minecraft:ender_pearl":2,"minecraft:wooden_pickaxe":16,"minecraft:diamond_axe":13,"minecraft:crafting_table":5,"minecraft:blast_furnace":1,"minecraft:crossbow":2,"minecraft:white_bed":1,"minecraft:cobbled_deepslate_stairs":23,"minecraft:apple":1,"minecraft:bread":4,"minecraft:string":1,"minecraft:iron_pickaxe":38,"minecraft:diamond_sword":20,"minecraft:cobblestone":32,"minecraft:potion":2,"minecraft:cooked_porkchop":9,"alexsmobs:animal_dictionary":1,"minecraft:dandelion":1,"minecraft:golden_pickaxe":133},"minecraft:broken":{"minecraft:iron_shovel":1,"minecraft:stone_pickaxe":2,"minecraft:iron_axe":1,"minecraft:golden_pickaxe":1},"minecraft:killed_by":{"minecraft:player":1,"minecraft:wither_skeleton":3,"minecraft:creeper":1,"irons_spellbooks:necromancer":1,"graveyard:revenant":1},"minecraft:custom":{"minecraft:interact_with_anvil":4,"minecraft:mob_kills":47,"minecraft:interact_with_crafting_table":28,"minecraft:open_barrel":4,"minecraft:eat_cake_slice":7,"minecraft:leave_game":3,"minecraft:time_since_death":3006,"minecraft:climb_one_cm":2371,"minecraft:damage_resisted":66,"minecraft:sprint_one_cm":290641,"minecraft:walk_one_cm":616417,"minecraft:damage_blocked_by_shield":797,"minecraft:drop":33,"minecraft:talked_to_villager":11,"minecraft:play_time":158307,"minecraft:deaths":8,"minecraft:sneak_time":844,"minecraft:walk_under_water_one_cm":12321,"minecraft:jump":1907,"minecraft:interact_with_blast_furnace":6,"minecraft:walk_on_water_one_cm":19148,"minecraft:total_world_time":158307,"minecraft:interact_with_furnace":17,"tombstone:raider_killed":2,"minecraft:traded_with_villager":3,"minecraft:sleep_in_bed":2,"minecraft:time_since_rest":2463,"minecraft:damage_taken":3221,"minecraft:damage_absorbed":359,"minecraft:damage_dealt":8660,"minecraft:swim_one_cm":762,"minecraft:fly_one_cm":210113,"minecraft:open_chest":86,"minecraft:crouch_one_cm":2893,"tombstone:undead_killed":19,"minecraft:fall_one_cm":53656},"minecraft:crafted":{"minecraft:oak_planks":912,"mekanism:ingot_osmium":2,"minecraft:furnace":3,"minecraft:cobblestone_stairs":40,"minecraft:cooked_mutton":2,"minecraft:stone_pickaxe":2,"minecraft:chest":3,"minecraft:cobbled_deepslate_stairs":20,"minecraft:oak_fence":18,"mekanismtools:osmium_sword":1,"minecraft:emerald":3,"minecraft:cooked_porkchop":7,"minecraft:crafting_table":4,"minecraft:spruce_planks":256,"minecraft:wooden_pickaxe":1,"minecraft:bucket":1,"minecraft:air":0,"minecraft:oak_fence_gate":2,"minecraft:charcoal":11,"minecraft:stick":168,"minecraft:iron_pickaxe":1,"minecraft:wooden_axe":1,"minecraft:snow_block":32,"minecraft:torch":84}},"DataVersion":3120}