{"stats":{"minecraft:used":{"minecraft:cobblestone_stairs":10,"minecraft:iron_shovel":75,"minecraft:stone_pickaxe":265,"minecraft:shield":19,"minecraft:chest":4,"minecraft:spruce_planks":2,"minecraft:wooden_pickaxe":16,"minecraft:torch":71,"minecraft:dirt":11,"minecraft:crafting_table":2,"mekanismtools:osmium_sword":120,"minecraft:crossbow":1,"minecraft:white_bed":1,"minecraft:wooden_axe":1,"minecraft:apple":1,"minecraft:iron_axe":2,"minecraft:bread":1,"minecraft:string":1,"artifacts:everlasting_beef":1,"minecraft:potion":2,"minecraft:cobblestone":32,"minecraft:furnace":1,"minecraft:cooked_porkchop":6,"tombstone:gift":2,"alexsmobs:animal_dictionary":1,"minecraft:golden_pickaxe":32},"minecraft:custom":{"minecraft:interact_with_furnace":12,"minecraft:interact_with_anvil":3,"minecraft:mob_kills":36,"tombstone:raider_killed":2,"minecraft:interact_with_crafting_table":15,"minecraft:open_barrel":4,"minecraft:eat_cake_slice":7,"minecraft:leave_game":2,"minecraft:time_since_death":10558,"minecraft:sleep_in_bed":2,"minecraft:climb_one_cm":2371,"minecraft:damage_resisted":66,"minecraft:time_since_rest":10370,"minecraft:sprint_one_cm":155234,"minecraft:walk_one_cm":334134,"minecraft:damage_taken":2363,"minecraft:damage_absorbed":359,"minecraft:damage_blocked_by_shield":522,"minecraft:drop":13,"minecraft:damage_dealt":6536,"minecraft:talked_to_villager":1,"minecraft:swim_one_cm":762,"minecraft:fly_one_cm":102861,"minecraft:open_chest":66,"minecraft:crouch_one_cm":1353,"minecraft:play_time":86098,"tombstone:undead_killed":15,"minecraft:deaths":6,"minecraft:sneak_time":457,"minecraft:walk_under_water_one_cm":12321,"minecraft:jump":1019,"minecraft:interact_with_blast_furnace":1,"minecraft:walk_on_water_one_cm":17946,"minecraft:total_world_time":86098,"minecraft:fall_one_cm":29046},"minecraft:crafted":{"mekanismtools:osmium_sword":1,"minecraft:cooked_porkchop":7,"minecraft:crafting_table":3,"mekanism:ingot_osmium":2,"minecraft:spruce_planks":256,"minecraft:wooden_pickaxe":1,"minecraft:furnace":1,"minecraft:cobblestone_stairs":40,"minecraft:air":0,"minecraft:charcoal":11,"minecraft:stick":16,"minecraft:stone_pickaxe":2,"minecraft:wooden_axe":1,"minecraft:snow_block":32,"minecraft:chest":3,"minecraft:torch":44},"minecraft:killed":{"minecraft:pig":4,"irons_spellbooks:summoned_zombie":4,"minecraft:zombie_villager":1,"alexsmobs:raccoon":2,"alexsmobs:seal":3,"minecraft:spider":5,"irons_spellbooks:necromancer":1,"minecraft:creeper":1,"minecraft:sheep":1,"minecraft:skeleton":2,"minecraft:pillager":2,"minecraft:zombie":5,"alexsmobs:terrapin":1,"minecraft:wither_skeleton":2,"artifacts:mimic":1},"minecraft:killed_by":{"irons_spellbooks:necromancer":1,"minecraft:wither_skeleton":3,"minecraft:creeper":1,"graveyard:revenant":1},"minecraft:mined":{"minecraft:redstone_block":1,"minecraft:spruce_planks":1,"mekanism:osmium_ore":2,"minecraft:white_bed":1,"minecraft:red_nether_bricks":2,"minecraft:snow_block":62,"minecraft:cobblestone_stairs":1,"minecraft:powder_snow":31,"minecraft:torch":2,"minecraft:nether_bricks":15,"minecraft:blast_furnace":1,"minecraft:grass_block":3,"minecraft:chest":1,"minecraft:spruce_leaves":1,"minecraft:wall_torch":5,"minecraft:snow":12,"minecraft:andesite":1,"minecraft:spruce_log":9,"minecraft:grass":2,"minecraft:bookshelf":2,"minecraft:coal_ore":28,"minecraft:iron_bars":6,"minecraft:gravel":1,"minecraft:dirt":9,"minecraft:stone":249,"minecraft:netherrack":1,"minecraft:chipped_anvil":1},"minecraft:picked_up":{"sophisticatedbackpacks:gold_backpack":1,"minecraft:iron_chestplate":1,"minecraft:redstone_block":1,"iceandfire:witherbone":2,"minecraft:andesite":1,"minecraft:wooden_pickaxe":1,"minecraft:enchanted_book":1,"minecraft:potion":1,"minecraft:shield":1,"minecraft:chainmail_chestplate":1,"minecraft:cobblestone_stairs":1,"minecraft:gunpowder":2,"skilltree:gem":3,"minecraft:dirt":12,"minecraft:string":5,"minecraft:red_nether_bricks":2,"minecraft:bone":4,"minecraft:chipped_anvil":1,"minecraft:apple":1,"irons_spellbooks:arcane_essence":4,"minecraft:spruce_planks":1,"minecraft:iron_ingot":21,"minecraft:glass_bottle":1,"minecraft:chest":1,"minecraft:book":6,"minecraft:stick":4,"minecraft:torch":17,"minecraft:porkchop":7,"minecraft:spruce_sapling":6,"minecraft:blast_furnace":1,"tombstone:grave_dust":1,"minecraft:white_bed":1,"minecraft:spruce_log":75,"mekanism:raw_osmium":2,"artifacts:everlasting_beef":1,"minecraft:bundle":1,"minecraft:arrow":4,"minecraft:rotten_flesh":8,"minecraft:nether_bricks":14,"minecraft:crossbow":1,"minecraft:netherrack":1,"minecraft:mutton":4,"minecraft:iron_bars":6,"minecraft:coal":28,"minecraft:snowball":255,"minecraft:white_wool":1,"minecraft:cobblestone":246},"minecraft:dropped":{"minecraft:iron_ingot":21,"minecraft:glass_bottle":1,"minecraft:crossbow":1,"minecraft:cobblestone_stairs":31,"minecraft:shield":2,"minecraft:gunpowder":14,"minecraft:mutton":2,"minecraft:snowball":64,"minecraft:bone":2},"minecraft:broken":{"minecraft:stone_pickaxe":2}},"DataVersion":3120}