{"stats":{"minecraft:picked_up":{"sophisticatedbackpacks:gold_backpack":1,"minecraft:crafting_table":1,"minecraft:iron_chestplate":1,"minecraft:azure_bluet":2,"minecraft:redstone_block":1,"minecraft:chainmail_boots":1,"iceandfire:witherbone":3,"mekanism:raw_uranium":2,"minecraft:lead":1,"minecraft:diamond_sword":1,"minecraft:wooden_pickaxe":2,"minecraft:potion":1,"minecraft:enchanted_book":2,"minecraft:shield":1,"minecraft:string":6,"minecraft:red_nether_bricks":6,"minecraft:iron_shovel":1,"minecraft:diamond_leggings":1,"irons_spellbooks:arcane_essence":4,"alexsmobs:blood_sac":4,"minecraft:cobbled_deepslate":44,"minecraft:spruce_planks":1,"minecraft:poppy":2,"minecraft:chest":3,"minecraft:birch_sapling":1,"minecraft:iron_boots":1,"minecraft:stick":76,"minecraft:raw_iron":2,"minecraft:torch":20,"minecraft:porkchop":15,"tombstone:grave_dust":3,"minecraft:redstone":4,"artifacts:everlasting_beef":1,"minecraft:arrow":28,"minecraft:rotten_flesh":8,"minecraft:diamond_chestplate":1,"minecraft:nether_bricks":25,"iceandfire:fire_dragon_heart":1,"minecraft:saddle":1,"minecraft:mutton":6,"minecraft:iron_bars":8,"minecraft:snowball":255,"minecraft:white_wool":2,"minecraft:cobblestone":316,"minecraft:basalt":2,"minecraft:salmon":3,"minecraft:andesite":1,"minecraft:potato":580,"iceandfire:ectoplasm":1,"minecraft:oak_log":268,"minecraft:chainmail_chestplate":1,"minecraft:cobbled_deepslate_stairs":4,"minecraft:gunpowder":2,"minecraft:cobblestone_stairs":1,"minecraft:lapis_lazuli":11,"skilltree:gem":4,"alexsmobs:mosquito_proboscis":1,"minecraft:dirt":215,"irons_spellbooks:hogskin":1,"minecraft:bone":8,"minecraft:chipped_anvil":1,"minecraft:apple":3,"minecraft:stone_bricks":10,"minecraft:bow":2,"minecraft:wheat_seeds":8,"minecraft:iron_ingot":21,"minecraft:diamond_helmet":1,"minecraft:glass_bottle":5,"minecraft:oak_planks":17,"minecraft:book":6,"minecraft:nether_quartz_ore":1,"minecraft:quartz":1,"minecraft:dandelion":7,"minecraft:poisonous_potato":3,"minecraft:gravel":3,"minecraft:spruce_sapling":99,"minecraft:blast_furnace":1,"minecraft:white_bed":1,"minecraft:spruce_log":1144,"mekanism:raw_osmium":2,"minecraft:bundle":1,"minecraft:diamond":4,"minecraft:crossbow":1,"minecraft:diamond_axe":1,"minecraft:baked_potato":17,"minecraft:oak_sapling":58,"minecraft:netherrack":70,"minecraft:coal":28,"minecraft:crimson_roots":1},"minecraft:mined":{"minecraft:spruce_planks":1,"minecraft:white_bed":1,"minecraft:cobbled_deepslate_stairs":4,"minecraft:cobblestone_stairs":1,"minecraft:sculk_vein":4,"minecraft:red_nether_bricks":4,"minecraft:nether_bricks":26,"minecraft:grass_block":223,"minecraft:crimson_roots":1,"minecraft:spruce_leaves":6,"minecraft:spruce_sapling":1,"minecraft:sculk_catalyst":1,"minecraft:snow":12,"minecraft:andesite":1,"minecraft:deepslate_lapis_ore":2,"minecraft:azure_bluet":1,"minecraft:potatoes":160,"minecraft:bookshelf":2,"minecraft:iron_bars":6,"minecraft:stone":250,"minecraft:deepslate_redstone_ore":2,"mekanism:osmium_ore":2,"minecraft:redstone_block":1,"minecraft:crimson_nylium":1,"minecraft:snow_block":62,"minecraft:dandelion":7,"minecraft:powder_snow":31,"minecraft:crafting_table":1,"minecraft:torch":2,"minecraft:blast_furnace":1,"minecraft:poppy":2,"minecraft:chest":3,"minecraft:sculk_sensor":2,"minecraft:nether_quartz_ore":2,"minecraft:oak_planks":18,"minecraft:sculk":184,"minecraft:wall_torch":5,"minecraft:birch_log":7,"minecraft:spruce_log":1160,"minecraft:birch_leaves":5,"minecraft:grass":37,"minecraft:oak_log":236,"minecraft:coal_ore":28,"minecraft:gravel":4,"minecraft:dirt":11,"mekanism:deepslate_uranium_ore":2,"minecraft:stone_bricks":12,"minecraft:netherrack":78,"minecraft:chipped_anvil":1,"minecraft:oak_leaves":10,"minecraft:deepslate":46},"minecraft:broken":{"minecraft:iron_shovel":1,"minecraft:stone_pickaxe":2,"minecraft:iron_axe":1,"minecraft:golden_pickaxe":1},"minecraft:used":{"minecraft:oak_fence":18,"minecraft:iron_shovel":456,"minecraft:chest":6,"minecraft:spruce_planks":2,"minecraft:shield":27,"minecraft:netherrack":23,"minecraft:torch":107,"minecraft:dirt":34,"mekanismtools:osmium_sword":134,"minecraft:nether_bricks":19,"minecraft:oak_fence_gate":2,"minecraft:honey_bottle":2,"minecraft:wooden_axe":1,"minecraft:chipped_anvil":1,"minecraft:iron_axe":291,"minecraft:stone_bricks":145,"artifacts:everlasting_beef":3,"minecraft:furnace":3,"tombstone:gift":5,"minecraft:potato":160,"minecraft:cobbled_deepslate":11,"minecraft:cooked_mutton":4,"minecraft:cobblestone_stairs":10,"minecraft:baked_potato":4,"minecraft:red_nether_bricks":2,"minecraft:oak_planks":826,"minecraft:stone_pickaxe":265,"minecraft:glass_bottle":1,"minecraft:ender_pearl":2,"minecraft:wooden_pickaxe":16,"minecraft:diamond_axe":1205,"minecraft:crafting_table":5,"minecraft:blast_furnace":1,"minecraft:crossbow":2,"minecraft:white_bed":1,"minecraft:cobbled_deepslate_stairs":23,"minecraft:apple":1,"minecraft:bread":4,"minecraft:string":1,"minecraft:iron_pickaxe":115,"minecraft:spruce_sapling":52,"minecraft:diamond_sword":56,"minecraft:cobblestone":32,"minecraft:potion":3,"minecraft:cooked_porkchop":9,"alexsmobs:animal_dictionary":1,"minecraft:dandelion":1,"minecraft:golden_pickaxe":133},"minecraft:custom":{"minecraft:interact_with_smithing_table":1,"minecraft:interact_with_anvil":4,"minecraft:mob_kills":59,"minecraft:interact_with_crafting_table":31,"minecraft:open_barrel":4,"minecraft:eat_cake_slice":7,"minecraft:leave_game":6,"minecraft:time_since_death":32837,"minecraft:climb_one_cm":2391,"minecraft:damage_resisted":66,"minecraft:sprint_one_cm":396527,"minecraft:walk_one_cm":740690,"minecraft:damage_blocked_by_shield":797,"minecraft:drop":44,"minecraft:talked_to_villager":15,"minecraft:play_time":193054,"minecraft:deaths":9,"minecraft:sneak_time":941,"minecraft:walk_under_water_one_cm":17046,"minecraft:jump":2383,"minecraft:interact_with_blast_furnace":9,"minecraft:walk_on_water_one_cm":23750,"minecraft:total_world_time":193054,"minecraft:interact_with_furnace":23,"tombstone:raider_killed":2,"minecraft:traded_with_villager":3,"minecraft:sleep_in_bed":2,"minecraft:time_since_rest":31567,"minecraft:damage_taken":3764,"minecraft:damage_absorbed":359,"minecraft:damage_dealt":11019,"minecraft:swim_one_cm":7077,"minecraft:fly_one_cm":283229,"minecraft:open_chest":98,"minecraft:crouch_one_cm":3548,"tombstone:undead_killed":25,"minecraft:fall_one_cm":63753},"minecraft:crafted":{"minecraft:oak_planks":912,"mekanism:ingot_osmium":2,"minecraft:furnace":3,"minecraft:cobblestone_stairs":40,"minecraft:stone":128,"minecraft:cooked_mutton":2,"minecraft:stone_pickaxe":2,"minecraft:chest":3,"minecraft:cobbled_deepslate_stairs":20,"minecraft:stone_bricks":128,"minecraft:oak_fence":18,"mekanismtools:osmium_sword":1,"minecraft:emerald":3,"minecraft:cooked_porkchop":7,"minecraft:crafting_table":4,"minecraft:spruce_planks":1792,"minecraft:wooden_pickaxe":1,"minecraft:bucket":1,"minecraft:air":0,"minecraft:oak_fence_gate":2,"minecraft:charcoal":11,"minecraft:stick":168,"minecraft:iron_pickaxe":1,"minecraft:wooden_axe":1,"minecraft:snow_block":32,"minecraft:torch":84},"minecraft:killed":{"irons_spellbooks:summoned_zombie":4,"graveyard:revenant":1,"alexsmobs:raccoon":2,"minecraft:spider":5,"minecraft:skeleton":7,"alexsmobs:straddler":1,"artifacts:mimic":1,"minecraft:magma_cube":1,"minecraft:pig":4,"minecraft:zombie_villager":1,"alexsmobs:seal":3,"irons_spellbooks:necromancer":1,"minecraft:hoglin":2,"minecraft:creeper":1,"alexsmobs:crimson_mosquito":3,"minecraft:sheep":2,"alexsmobs:catfish":1,"minecraft:pillager":2,"minecraft:zombie":5,"alexsmobs:cockroach":1,"iceandfire:ghost":4,"alexsmobs:terrapin":3,"minecraft:wither_skeleton":2},"minecraft:killed_by":{"minecraft:player":1,"minecraft:wither_skeleton":3,"minecraft:creeper":1,"irons_spellbooks:necromancer":1,"graveyard:revenant":1},"minecraft:dropped":{"minecraft:iron_ingot":21,"minecraft:wheat_seeds":7,"minecraft:baked_potato":17,"minecraft:glass_bottle":6,"minecraft:poisonous_potato":3,"minecraft:crossbow":1,"minecraft:cobblestone_stairs":31,"minecraft:dirt":4,"minecraft:mutton":2,"minecraft:snowball":64,"tombstone:grave_dust":2,"minecraft:string":13,"minecraft:white_wool":1,"minecraft:redstone":4,"minecraft:bone":2,"minecraft:azure_bluet":1,"minecraft:poppy":1,"minecraft:potato":128,"minecraft:shield":2,"minecraft:gunpowder":14,"minecraft:iron_chestplate":1,"minecraft:red_nether_bricks":2,"minecraft:arrow":3,"minecraft:wooden_pickaxe":1,"minecraft:nether_quartz_ore":1}},"DataVersion":3120}