{"stats":{"minecraft:mined":{"minecraft:spruce_planks":1,"mekanism:osmium_ore":2,"minecraft:white_bed":1,"minecraft:cobblestone_stairs":1,"minecraft:powder_snow":31,"minecraft:torch":1,"minecraft:grass_block":3,"minecraft:chest":1,"minecraft:wall_torch":5,"minecraft:spruce_log":9,"minecraft:coal_ore":28,"minecraft:dirt":8,"minecraft:stone":245},"minecraft:broken":{"minecraft:stone_pickaxe":1},"minecraft:custom":{"minecraft:interact_with_furnace":9,"minecraft:mob_kills":16,"minecraft:interact_with_crafting_table":12,"minecraft:eat_cake_slice":6,"minecraft:leave_game":1,"minecraft:time_since_death":9752,"minecraft:sleep_in_bed":2,"minecraft:damage_resisted":66,"minecraft:climb_one_cm":1480,"minecraft:time_since_rest":3909,"minecraft:sprint_one_cm":81016,"minecraft:damage_absorbed":359,"minecraft:damage_taken":1519,"minecraft:walk_one_cm":181365,"minecraft:damage_dealt":2953,"minecraft:swim_one_cm":762,"minecraft:fly_one_cm":56717,"minecraft:open_chest":21,"minecraft:crouch_one_cm":1054,"minecraft:play_time":55612,"tombstone:undead_killed":9,"minecraft:deaths":5,"minecraft:sneak_time":397,"minecraft:walk_under_water_one_cm":7483,"minecraft:jump":679,"minecraft:walk_on_water_one_cm":14937,"minecraft:total_world_time":55612,"minecraft:fall_one_cm":18050},"minecraft:killed_by":{"irons_spellbooks:necromancer":1,"minecraft:wither_skeleton":2,"minecraft:creeper":1,"graveyard:revenant":1},"minecraft:used":{"minecraft:cobblestone_stairs":10,"minecraft:stone_pickaxe":263,"minecraft:spruce_planks":2,"minecraft:chest":4,"minecraft:wooden_pickaxe":16,"minecraft:torch":19,"minecraft:dirt":11,"minecraft:crafting_table":2,"mekanismtools:osmium_sword":57,"minecraft:white_bed":1,"minecraft:wooden_axe":1,"minecraft:apple":1,"minecraft:cobblestone":32,"minecraft:potion":1,"minecraft:furnace":1,"minecraft:cooked_porkchop":1,"tombstone:gift":1,"alexsmobs:animal_dictionary":1},"minecraft:killed":{"minecraft:pig":4,"irons_spellbooks:summoned_zombie":4,"minecraft:zombie_villager":1,"alexsmobs:raccoon":1,"irons_spellbooks:necromancer":1,"minecraft:creeper":1,"minecraft:skeleton":1,"minecraft:zombie":1,"minecraft:wither_skeleton":1},"minecraft:crafted":{"mekanismtools:osmium_sword":1,"minecraft:cooked_porkchop":7,"minecraft:crafting_table":2,"mekanism:ingot_osmium":2,"minecraft:spruce_planks":256,"minecraft:wooden_pickaxe":1,"minecraft:furnace":1,"minecraft:cobblestone_stairs":40,"minecraft:air":0,"minecraft:charcoal":11,"minecraft:stick":8,"minecraft:stone_pickaxe":2,"minecraft:wooden_axe":1,"minecraft:chest":3,"minecraft:torch":12},"minecraft:picked_up":{"iceandfire:witherbone":1,"minecraft:wooden_pickaxe":1,"minecraft:potion":1,"minecraft:gunpowder":2,"minecraft:cobblestone_stairs":1,"skilltree:gem":3,"minecraft:string":3,"minecraft:dirt":11,"minecraft:bone":2,"minecraft:apple":1,"irons_spellbooks:arcane_essence":4,"minecraft:spruce_planks":1,"minecraft:chest":1,"minecraft:stick":4,"minecraft:torch":15,"minecraft:porkchop":7,"minecraft:spruce_sapling":6,"tombstone:grave_dust":1,"minecraft:white_bed":1,"minecraft:spruce_log":75,"mekanism:raw_osmium":2,"minecraft:arrow":1,"minecraft:rotten_flesh":4,"minecraft:coal":28,"minecraft:cobblestone":245}},"DataVersion":3120}