{"stats":{"minecraft:mined":{"minecraft:spruce_planks":1,"mekanism:osmium_ore":2,"minecraft:white_bed":1,"minecraft:cobblestone_stairs":1,"minecraft:spruce_log":9,"minecraft:powder_snow":31,"minecraft:torch":1,"minecraft:grass_block":3,"minecraft:coal_ore":28,"minecraft:dirt":8,"minecraft:stone":245,"minecraft:wall_torch":5},"minecraft:broken":{"minecraft:stone_pickaxe":1},"minecraft:custom":{"minecraft:time_since_rest":1,"minecraft:interact_with_furnace":6,"minecraft:sprint_one_cm":42999,"minecraft:damage_taken":1073,"minecraft:walk_one_cm":136616,"minecraft:mob_kills":9,"minecraft:damage_dealt":1955,"minecraft:swim_one_cm":762,"minecraft:interact_with_crafting_table":9,"minecraft:fly_one_cm":36650,"minecraft:open_chest":10,"minecraft:crouch_one_cm":549,"minecraft:play_time":43612,"tombstone:undead_killed":8,"minecraft:deaths":4,"minecraft:sneak_time":197,"minecraft:walk_under_water_one_cm":7051,"minecraft:jump":475,"minecraft:leave_game":1,"minecraft:time_since_death":1097,"minecraft:walk_on_water_one_cm":13981,"minecraft:sleep_in_bed":1,"minecraft:climb_one_cm":1146,"minecraft:total_world_time":43612,"minecraft:fall_one_cm":11489},"minecraft:killed_by":{"graveyard:revenant":1,"minecraft:wither_skeleton":1,"irons_spellbooks:necromancer":1,"minecraft:creeper":1},"minecraft:used":{"minecraft:wooden_axe":1,"minecraft:cobblestone_stairs":10,"minecraft:stone_pickaxe":263,"minecraft:wooden_pickaxe":16,"minecraft:chest":2,"minecraft:spruce_planks":2,"minecraft:torch":19,"minecraft:dirt":11,"minecraft:cobblestone":17,"minecraft:crafting_table":1,"minecraft:furnace":1,"mekanismtools:osmium_sword":36,"tombstone:gift":1,"alexsmobs:animal_dictionary":1,"minecraft:white_bed":1},"minecraft:killed":{"minecraft:skeleton":1,"minecraft:zombie":1,"minecraft:zombie_villager":1,"irons_spellbooks:summoned_zombie":4,"irons_spellbooks:necromancer":1,"minecraft:creeper":1},"minecraft:crafted":{"mekanismtools:osmium_sword":1,"minecraft:charcoal":11,"minecraft:crafting_table":1,"minecraft:spruce_planks":256,"mekanism:ingot_osmium":2,"minecraft:stick":8,"minecraft:wooden_pickaxe":1,"minecraft:stone_pickaxe":2,"minecraft:wooden_axe":1,"minecraft:chest":2,"minecraft:furnace":1,"minecraft:cobblestone_stairs":40,"minecraft:torch":12,"minecraft:air":0},"minecraft:picked_up":{"minecraft:stick":4,"minecraft:torch":7,"tombstone:grave_dust":1,"minecraft:spruce_sapling":6,"minecraft:cobblestone_stairs":1,"minecraft:white_bed":1,"minecraft:spruce_log":75,"skilltree:gem":3,"mekanism:raw_osmium":2,"minecraft:dirt":11,"minecraft:arrow":1,"irons_spellbooks:arcane_essence":4,"minecraft:spruce_planks":1,"minecraft:coal":28,"minecraft:cobblestone":245}},"DataVersion":3120}