{"stats":{"minecraft:mined":{"minecraft:spruce_planks":22,"minecraft:white_bed":12,"minecraft:brewing_stand":1,"minecraft:obsidian":14,"minecraft:granite":11,"minecraft:grass_block":35,"minecraft:cracked_polished_blackstone_bricks":1,"minecraft:composter":3,"minecraft:oxeye_daisy":1,"minecraft:spawner":11,"minecraft:polished_blackstone_bricks":18,"minecraft:raw_iron_block":1,"minecraft:iron_ore":43,"minecraft:cobbled_deepslate":3,"minecraft:fletching_table":24,"minecraft:deepslate_lapis_ore":12,"minecraft:dirt_path":3,"minecraft:iron_bars":6,"create:veridium":21,"minecraft:spruce_slab":2,"minecraft:deepslate_redstone_ore":7,"minecraft:twisting_vines_plant":1,"minecraft:blast_furnace":1,"mekanism:tin_ore":2,"minecraft:nether_quartz_ore":1,"minecraft:cobblestone":30,"minecraft:grindstone":6,"minecraft:sugar_cane":8,"minecraft:oak_planks":6,"minecraft:warped_nylium":1,"minecraft:birch_log":6,"minecraft:stripped_oak_wood":2,"minecraft:grass":50,"minecraft:oak_log":42,"minecraft:sand":12,"minecraft:dirt":97,"minecraft:smooth_basalt":13,"minecraft:netherrack":8,"minecraft:oak_leaves":4,"minecraft:deepslate":186,"minecraft:tuff":26,"iceandfire:silver_ore":3,"minecraft:mossy_cobblestone":1,"minecraft:deepslate_diamond_ore":51,"minecraft:dark_oak_fence":6,"minecraft:white_stained_glass":2,"minecraft:polished_andesite_slab":1,"minecraft:spruce_leaves":11,"minecraft:large_fern":1,"minecraft:hay_block":57,"minecraft:spruce_sapling":1,"minecraft:furnace":2,"minecraft:andesite":15,"minecraft:gold_block":17,"minecraft:bookshelf":6,"minecraft:deepslate_iron_ore":64,"minecraft:stone":217,"minecraft:podzol":1,"minecraft:smithing_table":8,"minecraft:glass_pane":2,"minecraft:basalt":3,"minecraft:dandelion":2,"minecraft:oak_fence":25,"minecraft:crafting_table":14,"minecraft:cornflower":2,"minecraft:andesite_slab":1,"minecraft:lectern":198,"minecraft:tall_grass":5,"minecraft:deepslate_gold_ore":35,"minecraft:polished_blackstone_brick_stairs":1,"minecraft:blue_bed":3,"minecraft:purple_bed":4,"minecraft:spruce_log":2116,"minecraft:yellow_bed":4,"minecraft:coal_ore":56,"minecraft:gravel":73,"mekanism:deepslate_fluorite_ore":1,"minecraft:chipped_anvil":2},"minecraft:killed":{"minecraft:cave_spider":3,"irons_spellbooks:pyromancer":1,"minecraft:spider":4,"minecraft:skeleton":16,"minecraft:chicken":4,"irons_spellbooks:summoned_skeleton":2,"minecraft:piglin_brute":3,"artifacts:mimic":1,"minecraft:piglin":2,"minecraft:pig":6,"irons_spellbooks:necromancer":1,"minecraft:sheep":8,"minecraft:trader_llama":2,"minecraft:pillager":81,"minecraft:zombie":29,"irons_spellbooks:summoned_vex":4,"alexsmobs:terrapin":2,"minecraft:stray":2,"minecraft:cow":18,"iceandfire:sea_serpent":1,"irons_spellbooks:summoned_zombie":5,"minecraft:vindicator":3,"iceandfire:fire_dragon":1,"minecraft:drowned":1,"alexsmobs:bison":2,"minecraft:wandering_trader":1,"minecraft:ravager":1,"alexsmobs:catfish":1,"iceandfire:ghost":4},"minecraft:picked_up":{"irons_spellbooks:scroll":1,"minecraft:smithing_table":8,"minecraft:lead":1,"minecraft:diamond_sword":1,"minecraft:brewing_stand":1,"minecraft:string":12,"iceandfire:sea_serpent_scales_teal":5,"irons_spellbooks:arcane_essence":4,"minecraft:cobbled_deepslate":117,"minecraft:spruce_planks":99,"minecraft:iron_pickaxe":1,"minecraft:furnace":2,"minecraft:iron_boots":1,"minecraft:tipped_arrow":1,"minecraft:stick":124,"minecraft:oak_fence":22,"minecraft:torch":9,"minecraft:spruce_stairs":28,"iceandfire:silver_ore":3,"minecraft:porkchop":11,"minecraft:pointed_dripstone":14,"tombstone:grave_dust":15,"irons_spellbooks:fire_rune":1,"mekanism:raw_tin":2,"minecraft:rotten_flesh":26,"create:veridium":8,"minecraft:obsidian":14,"minecraft:iron_bars":6,"minecraft:cobblestone":216,"minecraft:birch_log":6,"minecraft:feather":5,"minecraft:cooked_beef":1,"minecraft:andesite":6,"minecraft:flint":13,"minecraft:tuff":13,"skilltree:gem":25,"minecraft:lapis_lazuli":68,"minecraft:dirt":158,"minecraft:twisting_vines":3,"minecraft:bone":44,"minecraft:chipped_anvil":2,"minecraft:wheat_seeds":6,"minecraft:raw_gold":35,"minecraft:grindstone":6,"minecraft:fletching_table":24,"minecraft:oak_planks":70,"irons_spellbooks:frozen_bone":5,"minecraft:sand":10,"minecraft:mossy_cobblestone":3,"minecraft:diamond":52,"minecraft:cracked_polished_blackstone_bricks":1,"minecraft:crossbow":6,"minecraft:granite":4,"minecraft:golden_apple":1,"minecraft:emerald":1,"minecraft:oak_sapling":2,"minecraft:netherrack":8,"minecraft:andesite_slab":1,"minecraft:crafting_table":15,"minecraft:chicken":4,"minecraft:gold_block":15,"minecraft:shield":1,"minecraft:cornflower":5,"artifacts:power_glove":1,"minecraft:iron_shovel":1,"minecraft:beef":51,"irons_spellbooks:epic_ink":2,"minecraft:poppy":2,"minecraft:spruce_slab":2,"minecraft:lectern":201,"minecraft:sugar_cane":18,"minecraft:birch_sapling":1,"minecraft:egg":1,"minecraft:raw_iron":109,"artifacts:charm_of_sinking":1,"minecraft:polished_blackstone_bricks":18,"minecraft:redstone":31,"minecraft:arrow":21,"minecraft:diamond_chestplate":1,"minecraft:hay_block":55,"minecraft:gold_ingot":3,"sophisticatedbackpacks:copper_backpack":1,"minecraft:mutton":12,"minecraft:white_wool":8,"minecraft:oxeye_daisy":2,"minecraft:basalt":3,"iceandfire:sea_serpent_fang":7,"minecraft:leather":19,"minecraft:oak_log":37,"minecraft:chainmail_chestplate":1,"iceandfire:ectoplasm":1,"minecraft:yellow_bed":4,"minecraft:gunpowder":2,"minecraft:blue_bed":3,"minecraft:white_banner":12,"irons_spellbooks:rare_ink":1,"minecraft:stone_bricks":4,"minecraft:iron_ingot":25,"minecraft:stone_pickaxe":19,"minecraft:stripped_oak_wood":2,"minecraft:iron_sword":1,"minecraft:book":18,"minecraft:smooth_basalt":10,"minecraft:dandelion":7,"minecraft:raw_iron_block":1,"minecraft:gravel":48,"minecraft:spruce_sapling":225,"minecraft:blast_furnace":1,"minecraft:white_bed":12,"minecraft:spruce_log":2005,"minecraft:spider_eye":1,"minecraft:purple_bed":4,"minecraft:stone_axe":12,"tombstone:magic_scroll":2,"minecraft:coal":146},"minecraft:dropped":{"sophisticatedbackpacks:iron_backpack":1,"minecraft:diamond":4,"minecraft:crossbow":1,"minecraft:leather":8,"minecraft:saddle":1,"sophisticatedbackpacks:gold_backpack":1,"minecraft:flint":1,"minecraft:gold_ingot":5,"alexsmobs:animal_dictionary":1,"minecraft:cobbled_deepslate":2,"minecraft:iron_bars":2,"minecraft:enchanted_book":2,"minecraft:iron_ingot":33,"minecraft:bread":161,"minecraft:wheat_seeds":3,"minecraft:feather":5,"minecraft:lead":1,"minecraft:golden_apple":1,"tombstone:grave_key":1,"skilltree:gem":4,"minecraft:diamond_helmet":1,"tombstone:grave_dust":2,"minecraft:string":8,"minecraft:raw_iron":32,"minecraft:diamond_sword":2,"minecraft:shield":2,"minecraft:diamond_chestplate":2,"minecraft:oak_sapling":1},"minecraft:used":{"minecraft:spruce_slab":10,"minecraft:poppy":1,"minecraft:shield":80,"minecraft:tuff":13,"minecraft:lava_bucket":12,"minecraft:bow":27,"minecraft:furnace":3,"minecraft:gold_block":1,"minecraft:oak_planks":127,"minecraft:stone_pickaxe":98,"minecraft:wooden_pickaxe":6,"minecraft:blue_bed":3,"minecraft:diamond_axe":1054,"minecraft:cookie":8,"minecraft:sand":10,"minecraft:crossbow":3,"minecraft:bread":12,"minecraft:lectern":203,"minecraft:diamond_sword":260,"minecraft:stripped_oak_wood":1,"minecraft:grindstone":7,"minecraft:smithing_table":9,"minecraft:bone_meal":45,"minecraft:oak_fence":1,"minecraft:enchanting_table":1,"minecraft:flint_and_steel":1,"create:veridium":2,"minecraft:spruce_planks":404,"minecraft:netherrack":8,"minecraft:torch":1,"minecraft:dirt":66,"minecraft:twisting_vines":2,"minecraft:granite":3,"minecraft:chipped_anvil":1,"minecraft:bookshelf":21,"minecraft:iron_axe":1640,"minecraft:smooth_basalt":10,"minecraft:golden_carrot":6,"tombstone:gift":4,"minecraft:cooked_beef":28,"minecraft:cobbled_deepslate":50,"minecraft:water_bucket":116,"minecraft:birch_planks":10,"iceandfire:myrmex_jungle_sword":23,"minecraft:fletching_table":29,"minecraft:polished_blackstone_bricks":5,"minecraft:crafting_table":19,"minecraft:white_bed":12,"minecraft:diamond_pickaxe":70,"minecraft:cornflower":2,"minecraft:oxeye_daisy":1,"minecraft:cracked_polished_blackstone_bricks":1,"minecraft:iron_pickaxe":741,"minecraft:spruce_sapling":149,"minecraft:stone_axe":16,"minecraft:cobblestone":179,"minecraft:potion":1,"minecraft:purple_bed":4,"minecraft:cooked_porkchop":7,"minecraft:bucket":129,"minecraft:yellow_bed":4,"minecraft:pumpkin_pie":12,"minecraft:dandelion":2},"minecraft:killed_by":{"minecraft:piglin_brute":4,"iceandfire:sea_serpent":2,"minecraft:zombie":1,"minecraft:player":1,"minecraft:iron_golem":1,"iceandfire:gorgon":2,"irons_spellbooks:necromancer":1,"irons_spellbooks:dead_king":1,"iceandfire:ghost":1},"minecraft:custom":{"minecraft:interact_with_crafting_table":64,"minecraft:open_barrel":7,"minecraft:bell_ring":16,"minecraft:leave_game":2,"minecraft:time_since_death":96588,"minecraft:sprint_one_cm":892942,"minecraft:damage_blocked_by_shield":2611,"minecraft:drop":55,"minecraft:talked_to_villager":441,"minecraft:play_time":368533,"minecraft:deaths":19,"minecraft:jump":6904,"minecraft:walk_on_water_one_cm":45688,"minecraft:enchant_item":16,"minecraft:interact_with_furnace":27,"minecraft:traded_with_villager":402,"minecraft:sleep_in_bed":15,"minecraft:waystone_activated":1,"minecraft:damage_dealt":49164,"minecraft:player_kills":1,"minecraft:crouch_one_cm":92189,"tombstone:undead_killed":60,"tombstone:villager_killed":1,"minecraft:horse_one_cm":474,"minecraft:interact_with_smithing_table":1,"minecraft:mob_kills":225,"minecraft:interact_with_anvil":8,"minecraft:climb_one_cm":3905,"minecraft:walk_one_cm":475316,"minecraft:raid_win":1,"minecraft:sneak_time":23746,"minecraft:walk_under_water_one_cm":11671,"minecraft:total_world_time":368533,"tombstone:raider_killed":85,"minecraft:raid_trigger":2,"minecraft:interact_with_grindstone":7,"minecraft:time_since_rest":32159,"minecraft:damage_taken":2147483647,"minecraft:swim_one_cm":57405,"minecraft:fly_one_cm":1285594,"minecraft:open_chest":40,"minecraft:fall_one_cm":173893},"minecraft:broken":{"minecraft:golden_boots":1,"minecraft:chainmail_chestplate":1,"minecraft:iron_axe":7,"minecraft:iron_pickaxe":2},"minecraft:crafted":{"minecraft:grindstone":2,"minecraft:oak_planks":148,"minecraft:stone":3,"minecraft:bookshelf":23,"minecraft:bow":1,"minecraft:diamond_helmet":1,"minecraft:diamond_leggings":1,"minecraft:iron_boots":1,"minecraft:chest":2,"minecraft:golden_boots":1,"sophisticatedbackpacks:backpack":2,"minecraft:emerald":376,"minecraft:cooked_porkchop":10,"minecraft:diamond_axe":1,"minecraft:crafting_table":6,"minecraft:spruce_planks":6620,"minecraft:wooden_pickaxe":1,"minecraft:iron_helmet":1,"minecraft:smithing_table":2,"minecraft:gold_block":13,"minecraft:fletching_table":5,"minecraft:birch_planks":24,"minecraft:lectern":2,"minecraft:iron_chestplate":1,"minecraft:diamond_pickaxe":2,"minecraft:shield":1,"minecraft:stick":11970,"minecraft:stone_slab":6,"minecraft:iron_ingot":89,"minecraft:iron_pickaxe":3,"minecraft:gold_ingot":144,"minecraft:raw_iron":9,"minecraft:furnace":1,"minecraft:bone_meal":96,"minecraft:flint_and_steel":1,"minecraft:iron_axe":7,"minecraft:spruce_slab":24,"minecraft:stone_pickaxe":1,"minecraft:diamond_boots":1,"minecraft:wheat":495,"sophisticatedbackpacks:iron_backpack":3,"minecraft:cooked_beef":26,"minecraft:diamond_sword":1,"minecraft:enchanting_table":1,"sophisticatedbackpacks:gold_backpack":2,"minecraft:bucket":1,"minecraft:stone_axe":1,"minecraft:enchanted_book":5,"minecraft:bread":165,"minecraft:air":0,"minecraft:iron_leggings":2,"minecraft:diamond_chestplate":1}},"DataVersion":3120}