{"stats":{"minecraft:broken":{"minecraft:chainmail_chestplate":1,"minecraft:iron_axe":3,"minecraft:iron_pickaxe":1},"minecraft:mined":{"minecraft:tuff":10,"minecraft:spruce_planks":5,"minecraft:white_bed":6,"minecraft:deepslate_diamond_ore":2,"minecraft:brewing_stand":1,"minecraft:granite":2,"minecraft:grass_block":27,"minecraft:cracked_polished_blackstone_bricks":1,"minecraft:white_stained_glass":2,"minecraft:polished_andesite_slab":1,"minecraft:spruce_leaves":11,"minecraft:composter":3,"minecraft:oxeye_daisy":1,"minecraft:spawner":1,"minecraft:large_fern":1,"minecraft:hay_block":57,"minecraft:polished_blackstone_bricks":18,"minecraft:raw_iron_block":1,"minecraft:furnace":2,"minecraft:iron_ore":19,"minecraft:cobbled_deepslate":3,"minecraft:andesite":1,"minecraft:fletching_table":10,"minecraft:deepslate_lapis_ore":12,"minecraft:gold_block":17,"minecraft:dirt_path":3,"minecraft:deepslate_iron_ore":62,"minecraft:stone":110,"create:veridium":21,"minecraft:podzol":1,"minecraft:smithing_table":1,"minecraft:deepslate_redstone_ore":7,"minecraft:glass_pane":2,"minecraft:twisting_vines_plant":1,"minecraft:basalt":3,"minecraft:oak_fence":3,"minecraft:dandelion":2,"minecraft:cornflower":2,"minecraft:crafting_table":12,"minecraft:blast_furnace":1,"mekanism:tin_ore":2,"minecraft:andesite_slab":1,"minecraft:nether_quartz_ore":1,"minecraft:tall_grass":2,"minecraft:cobblestone":11,"minecraft:deepslate_gold_ore":35,"minecraft:grindstone":1,"minecraft:sugar_cane":8,"minecraft:polished_blackstone_brick_stairs":1,"minecraft:blue_bed":3,"minecraft:purple_bed":4,"minecraft:warped_nylium":1,"minecraft:birch_log":6,"minecraft:spruce_log":559,"minecraft:stripped_oak_wood":1,"minecraft:yellow_bed":4,"minecraft:grass":27,"minecraft:coal_ore":56,"minecraft:oak_log":42,"minecraft:gravel":47,"minecraft:sand":12,"minecraft:dirt":31,"minecraft:smooth_basalt":10,"minecraft:netherrack":7,"minecraft:oak_leaves":4,"minecraft:chipped_anvil":1,"minecraft:deepslate":39},"minecraft:custom":{"minecraft:interact_with_smithing_table":1,"minecraft:mob_kills":93,"minecraft:interact_with_crafting_table":31,"minecraft:open_barrel":6,"minecraft:bell_ring":16,"minecraft:time_since_death":38018,"minecraft:climb_one_cm":3707,"minecraft:sprint_one_cm":394123,"minecraft:walk_one_cm":199004,"minecraft:damage_blocked_by_shield":2421,"minecraft:drop":33,"minecraft:talked_to_villager":47,"minecraft:play_time":149654,"minecraft:sneak_time":14870,"minecraft:deaths":17,"minecraft:walk_under_water_one_cm":4513,"minecraft:jump":3287,"minecraft:walk_on_water_one_cm":12883,"minecraft:total_world_time":149654,"minecraft:interact_with_furnace":14,"minecraft:traded_with_villager":129,"minecraft:sleep_in_bed":5,"minecraft:time_since_rest":7059,"minecraft:waystone_activated":1,"minecraft:damage_taken":2147483647,"minecraft:damage_dealt":19197,"minecraft:swim_one_cm":34765,"minecraft:player_kills":1,"minecraft:fly_one_cm":620588,"minecraft:open_chest":17,"minecraft:crouch_one_cm":51547,"tombstone:undead_killed":38,"minecraft:fall_one_cm":78743},"minecraft:killed_by":{"minecraft:player":1,"minecraft:piglin_brute":4,"minecraft:iron_golem":1,"iceandfire:sea_serpent":2,"iceandfire:gorgon":2,"irons_spellbooks:necromancer":1,"irons_spellbooks:dead_king":1,"minecraft:zombie":1},"minecraft:used":{"minecraft:flint_and_steel":1,"create:veridium":2,"minecraft:spruce_planks":251,"minecraft:shield":71,"minecraft:netherrack":8,"minecraft:torch":1,"minecraft:dirt":47,"minecraft:twisting_vines":2,"minecraft:tuff":13,"minecraft:granite":1,"minecraft:lava_bucket":12,"minecraft:iron_axe":835,"minecraft:smooth_basalt":10,"minecraft:golden_carrot":6,"minecraft:furnace":2,"tombstone:gift":2,"minecraft:gold_block":1,"minecraft:cooked_beef":4,"minecraft:cobbled_deepslate":50,"minecraft:water_bucket":36,"iceandfire:myrmex_jungle_sword":23,"minecraft:birch_planks":10,"minecraft:stone_pickaxe":98,"minecraft:oak_planks":124,"minecraft:fletching_table":15,"minecraft:blue_bed":3,"minecraft:wooden_pickaxe":6,"minecraft:polished_blackstone_bricks":5,"minecraft:cookie":8,"minecraft:sand":10,"minecraft:crafting_table":14,"minecraft:white_bed":6,"minecraft:cornflower":2,"minecraft:oxeye_daisy":1,"minecraft:bread":12,"minecraft:cracked_polished_blackstone_bricks":1,"minecraft:iron_pickaxe":373,"minecraft:spruce_sapling":32,"minecraft:stone_axe":16,"minecraft:cobblestone":101,"minecraft:purple_bed":4,"minecraft:bucket":49,"minecraft:yellow_bed":4,"minecraft:pumpkin_pie":12,"minecraft:bone_meal":32,"minecraft:dandelion":2},"minecraft:killed":{"irons_spellbooks:summoned_zombie":5,"minecraft:spider":1,"minecraft:skeleton":8,"iceandfire:fire_dragon":1,"minecraft:chicken":4,"minecraft:drowned":1,"irons_spellbooks:summoned_skeleton":2,"minecraft:piglin_brute":3,"artifacts:mimic":1,"minecraft:piglin":2,"minecraft:pig":6,"irons_spellbooks:necromancer":1,"minecraft:sheep":8,"irons_spellbooks:summoned_vex":4,"minecraft:zombie":21,"iceandfire:sea_serpent":1,"minecraft:cow":18},"minecraft:crafted":{"minecraft:oak_planks":148,"minecraft:raw_iron":9,"minecraft:furnace":1,"minecraft:bone_meal":96,"minecraft:flint_and_steel":1,"minecraft:iron_boots":1,"minecraft:iron_axe":4,"minecraft:stone_pickaxe":1,"minecraft:chest":1,"minecraft:wheat":495,"minecraft:golden_boots":1,"sophisticatedbackpacks:iron_backpack":2,"minecraft:cooked_beef":4,"minecraft:emerald":129,"sophisticatedbackpacks:backpack":1,"minecraft:crafting_table":4,"minecraft:spruce_planks":2236,"minecraft:wooden_pickaxe":1,"minecraft:iron_helmet":1,"minecraft:fletching_table":5,"sophisticatedbackpacks:gold_backpack":1,"minecraft:gold_block":13,"minecraft:bucket":1,"minecraft:birch_planks":24,"minecraft:stone_axe":1,"minecraft:bread":165,"minecraft:air":0,"minecraft:iron_chestplate":1,"minecraft:shield":1,"minecraft:stick":4067,"minecraft:iron_ingot":57,"minecraft:iron_pickaxe":2,"minecraft:gold_ingot":135,"minecraft:iron_leggings":2},"minecraft:picked_up":{"minecraft:crafting_table":12,"minecraft:chicken":4,"minecraft:smithing_table":1,"minecraft:gold_block":15,"minecraft:brewing_stand":1,"minecraft:cornflower":2,"minecraft:string":3,"iceandfire:sea_serpent_scales_teal":5,"artifacts:power_glove":1,"minecraft:iron_shovel":1,"irons_spellbooks:arcane_essence":4,"minecraft:cobbled_deepslate":51,"minecraft:spruce_planks":33,"minecraft:beef":51,"minecraft:poppy":1,"minecraft:sugar_cane":18,"minecraft:birch_sapling":1,"minecraft:furnace":2,"minecraft:egg":1,"minecraft:stick":56,"minecraft:raw_iron":81,"artifacts:charm_of_sinking":1,"minecraft:torch":1,"minecraft:porkchop":11,"minecraft:polished_blackstone_bricks":18,"minecraft:pointed_dripstone":14,"tombstone:grave_dust":9,"minecraft:redstone":31,"mekanism:raw_tin":2,"minecraft:arrow":7,"minecraft:rotten_flesh":19,"minecraft:hay_block":55,"create:veridium":8,"minecraft:gold_ingot":3,"sophisticatedbackpacks:copper_backpack":1,"minecraft:mutton":12,"minecraft:white_wool":8,"minecraft:cobblestone":115,"minecraft:oxeye_daisy":2,"minecraft:birch_log":6,"minecraft:basalt":3,"minecraft:feather":5,"minecraft:cooked_beef":1,"iceandfire:sea_serpent_fang":7,"minecraft:andesite":1,"minecraft:leather":19,"minecraft:flint":13,"minecraft:tuff":13,"minecraft:chainmail_chestplate":1,"minecraft:oak_log":37,"minecraft:yellow_bed":4,"minecraft:gunpowder":1,"minecraft:blue_bed":3,"skilltree:gem":21,"minecraft:lapis_lazuli":68,"minecraft:dirt":57,"minecraft:twisting_vines":3,"minecraft:bone":38,"minecraft:chipped_anvil":1,"minecraft:stone_bricks":3,"minecraft:wheat_seeds":2,"minecraft:raw_gold":35,"minecraft:grindstone":1,"minecraft:iron_ingot":8,"minecraft:fletching_table":10,"minecraft:stripped_oak_wood":1,"minecraft:oak_planks":64,"minecraft:smooth_basalt":10,"minecraft:dandelion":6,"minecraft:raw_iron_block":1,"minecraft:gravel":48,"minecraft:sand":10,"minecraft:spruce_sapling":94,"minecraft:blast_furnace":1,"minecraft:white_bed":6,"minecraft:spruce_log":591,"minecraft:mossy_cobblestone":3,"minecraft:purple_bed":4,"minecraft:diamond":2,"minecraft:cracked_polished_blackstone_bricks":1,"minecraft:granite":2,"minecraft:golden_apple":1,"minecraft:oak_sapling":1,"tombstone:magic_scroll":1,"minecraft:netherrack":8,"minecraft:coal":146,"minecraft:andesite_slab":1},"minecraft:dropped":{"sophisticatedbackpacks:iron_backpack":1,"minecraft:iron_ingot":9,"minecraft:bread":161,"minecraft:wheat_seeds":2,"minecraft:feather":5,"minecraft:leather":8,"minecraft:golden_apple":1,"minecraft:flint":1,"tombstone:grave_key":1,"skilltree:gem":4,"tombstone:grave_dust":1,"minecraft:string":8,"minecraft:gold_ingot":5,"alexsmobs:animal_dictionary":1,"minecraft:oak_sapling":1}},"DataVersion":3120}