{"stats":{"minecraft:mined":{"minecraft:spruce_planks":31,"minecraft:white_bed":14,"minecraft:brewing_stand":1,"minecraft:obsidian":14,"minecraft:granite":27,"minecraft:grass_block":37,"minecraft:cracked_polished_blackstone_bricks":1,"minecraft:composter":3,"minecraft:oxeye_daisy":1,"minecraft:spawner":11,"minecraft:polished_blackstone_bricks":18,"minecraft:raw_iron_block":1,"minecraft:iron_ore":71,"minecraft:cobbled_deepslate":3,"minecraft:fletching_table":24,"minecraft:deepslate_lapis_ore":12,"minecraft:dirt_path":3,"minecraft:iron_bars":6,"create:veridium":21,"minecraft:spruce_slab":2,"minecraft:deepslate_redstone_ore":7,"minecraft:twisting_vines_plant":1,"minecraft:blast_furnace":1,"mekanism:tin_ore":2,"minecraft:nether_quartz_ore":175,"minecraft:cobblestone":37,"minecraft:grindstone":6,"minecraft:sugar_cane":8,"minecraft:oak_planks":6,"minecraft:wall_torch":1,"minecraft:warped_nylium":1,"minecraft:birch_log":6,"minecraft:stripped_oak_wood":2,"minecraft:grass":90,"minecraft:oak_log":42,"minecraft:sand":12,"minecraft:dirt":132,"minecraft:smooth_basalt":13,"minecraft:netherrack":19,"minecraft:oak_leaves":4,"minecraft:deepslate":281,"minecraft:nether_gold_ore":13,"minecraft:tuff":26,"iceandfire:silver_ore":3,"minecraft:mossy_cobblestone":1,"minecraft:deepslate_diamond_ore":77,"minecraft:dark_oak_fence":6,"minecraft:white_stained_glass":2,"minecraft:polished_andesite_slab":1,"minecraft:spruce_leaves":11,"minecraft:large_fern":1,"minecraft:hay_block":57,"minecraft:spruce_sapling":1,"minecraft:furnace":2,"minecraft:andesite":33,"minecraft:gold_block":17,"minecraft:bookshelf":6,"minecraft:potatoes":160,"minecraft:deepslate_iron_ore":95,"minecraft:stone":322,"minecraft:podzol":1,"minecraft:smithing_table":12,"minecraft:glass_pane":2,"minecraft:basalt":3,"minecraft:dandelion":3,"minecraft:oak_fence":25,"minecraft:crafting_table":14,"minecraft:cornflower":2,"minecraft:andesite_slab":1,"minecraft:lectern":198,"minecraft:copper_ore":97,"minecraft:tall_grass":18,"minecraft:deepslate_gold_ore":35,"minecraft:polished_blackstone_brick_stairs":1,"minecraft:diorite":18,"minecraft:blue_bed":3,"minecraft:purple_bed":4,"minecraft:spruce_log":2116,"minecraft:yellow_bed":4,"minecraft:coal_ore":126,"minecraft:gravel":80,"mekanism:deepslate_fluorite_ore":1,"minecraft:chipped_anvil":2},"minecraft:killed":{"minecraft:cave_spider":3,"minecraft:witch":6,"irons_spellbooks:pyromancer":1,"minecraft:spider":5,"minecraft:skeleton":16,"alexsmobs:orca":1,"minecraft:chicken":4,"irons_spellbooks:summoned_skeleton":3,"minecraft:piglin_brute":3,"artifacts:mimic":1,"minecraft:piglin":2,"minecraft:pig":8,"irons_spellbooks:necromancer":2,"minecraft:sheep":8,"minecraft:trader_llama":2,"minecraft:pillager":161,"minecraft:zombie":31,"irons_spellbooks:summoned_vex":4,"alexsmobs:terrapin":2,"minecraft:stray":2,"minecraft:cow":18,"iceandfire:sea_serpent":1,"minecraft:vex":27,"minecraft:evoker":7,"irons_spellbooks:summoned_zombie":7,"minecraft:vindicator":30,"iceandfire:fire_dragon":1,"minecraft:drowned":1,"alexsmobs:bison":2,"minecraft:wandering_trader":1,"minecraft:ravager":8,"alexsmobs:catfish":1,"iceandfire:ghost":4},"minecraft:picked_up":{"irons_spellbooks:scroll":1,"minecraft:chainmail_boots":1,"minecraft:smithing_table":11,"minecraft:lead":1,"minecraft:diamond_sword":1,"minecraft:brewing_stand":1,"minecraft:string":15,"minecraft:raw_copper":184,"iceandfire:sea_serpent_scales_teal":5,"irons_spellbooks:arcane_essence":4,"minecraft:cobbled_deepslate":182,"minecraft:spruce_planks":108,"minecraft:iron_pickaxe":1,"minecraft:deepslate_iron_ore":15,"minecraft:furnace":2,"minecraft:iron_boots":1,"minecraft:tipped_arrow":4,"minecraft:stick":127,"minecraft:oak_fence":22,"minecraft:torch":13,"minecraft:spruce_stairs":28,"iceandfire:silver_ore":3,"minecraft:porkchop":11,"minecraft:pointed_dripstone":14,"tombstone:grave_dust":15,"minecraft:diorite":18,"irons_spellbooks:fire_rune":1,"mekanism:raw_tin":2,"minecraft:nether_gold_ore":12,"minecraft:rotten_flesh":26,"create:veridium":8,"minecraft:obsidian":14,"minecraft:iron_bars":6,"minecraft:cobblestone":327,"minecraft:birch_log":6,"minecraft:feather":5,"minecraft:cooked_beef":1,"minecraft:andesite":24,"minecraft:potato":779,"minecraft:flint":17,"minecraft:tuff":13,"skilltree:gem":57,"minecraft:lapis_lazuli":85,"minecraft:dirt":219,"minecraft:twisting_vines":3,"minecraft:bone":44,"minecraft:chipped_anvil":2,"minecraft:wheat_seeds":11,"minecraft:raw_gold":35,"minecraft:grindstone":6,"minecraft:fletching_table":24,"minecraft:stone_hoe":2,"minecraft:oak_planks":70,"minecraft:cooked_porkchop":1,"irons_spellbooks:frozen_bone":5,"minecraft:poisonous_potato":7,"minecraft:sand":10,"minecraft:mossy_cobblestone":3,"minecraft:sugar":1,"minecraft:diamond":74,"minecraft:cracked_polished_blackstone_bricks":1,"minecraft:crossbow":8,"minecraft:granite":20,"minecraft:golden_apple":1,"minecraft:emerald":8,"minecraft:oak_sapling":2,"minecraft:netherrack":19,"minecraft:andesite_slab":1,"minecraft:crafting_table":15,"minecraft:chicken":4,"minecraft:gold_block":15,"minecraft:shield":1,"minecraft:cornflower":7,"minecraft:iron_axe":1,"artifacts:power_glove":1,"minecraft:iron_shovel":1,"minecraft:deepslate_diamond_ore":12,"minecraft:beef":51,"irons_spellbooks:epic_ink":2,"minecraft:poppy":7,"minecraft:spruce_slab":2,"minecraft:lectern":201,"minecraft:sugar_cane":18,"minecraft:birch_sapling":1,"minecraft:copper_ore":43,"minecraft:egg":1,"minecraft:raw_iron":163,"minecraft:stone":1,"artifacts:charm_of_sinking":1,"minecraft:polished_blackstone_bricks":18,"minecraft:redstone":31,"minecraft:stone_shovel":7,"minecraft:arrow":27,"minecraft:diamond_chestplate":1,"minecraft:hay_block":55,"minecraft:totem_of_undying":7,"minecraft:saddle":5,"tombstone:essence_of_undeath":1,"minecraft:gold_ingot":3,"sophisticatedbackpacks:copper_backpack":1,"minecraft:mutton":12,"minecraft:white_wool":8,"minecraft:oxeye_daisy":2,"minecraft:basalt":3,"iceandfire:sea_serpent_fang":7,"minecraft:leather":19,"minecraft:oak_log":37,"minecraft:chainmail_chestplate":1,"iceandfire:ectoplasm":1,"minecraft:yellow_bed":4,"minecraft:gunpowder":2,"minecraft:blue_bed":3,"minecraft:white_banner":22,"irons_spellbooks:rare_ink":1,"minecraft:stone_bricks":4,"minecraft:iron_ingot":25,"minecraft:stone_pickaxe":21,"minecraft:iron_ore":14,"minecraft:stripped_oak_wood":2,"minecraft:glass_bottle":2,"minecraft:iron_sword":1,"minecraft:book":18,"minecraft:nether_quartz_ore":86,"minecraft:smooth_basalt":10,"minecraft:quartz":166,"minecraft:dandelion":8,"minecraft:raw_iron_block":1,"minecraft:gravel":55,"minecraft:spruce_sapling":225,"minecraft:blast_furnace":1,"minecraft:white_bed":14,"minecraft:spruce_log":2005,"minecraft:spider_eye":1,"minecraft:coal_ore":70,"minecraft:purple_bed":4,"minecraft:stone_axe":15,"minecraft:chainmail_leggings":2,"minecraft:baked_potato":29,"tombstone:magic_scroll":2,"minecraft:coal":146},"minecraft:dropped":{"sophisticatedbackpacks:iron_backpack":1,"minecraft:lapis_lazuli":22,"minecraft:diamond":4,"minecraft:crossbow":2,"minecraft:leather":8,"minecraft:saddle":1,"sophisticatedbackpacks:gold_backpack":1,"minecraft:flint":1,"minecraft:cornflower":2,"minecraft:gold_ingot":5,"minecraft:stone_axe":1,"alexsmobs:animal_dictionary":1,"minecraft:cobbled_deepslate":2,"minecraft:tipped_arrow":1,"minecraft:iron_bars":2,"minecraft:stone_hoe":1,"minecraft:enchanted_book":2,"minecraft:iron_ingot":33,"minecraft:bread":161,"minecraft:wheat_seeds":5,"minecraft:poisonous_potato":2,"minecraft:feather":5,"minecraft:lead":1,"minecraft:golden_apple":1,"tombstone:grave_key":1,"skilltree:gem":11,"minecraft:diamond_helmet":1,"tombstone:grave_dust":2,"minecraft:white_banner":1,"minecraft:string":10,"minecraft:raw_copper":192,"minecraft:stone_shovel":4,"minecraft:raw_iron":32,"minecraft:totem_of_undying":1,"minecraft:blast_furnace":1,"minecraft:diamond_sword":2,"minecraft:potato":624,"minecraft:shield":2,"minecraft:diamond_chestplate":2,"minecraft:oak_sapling":1,"minecraft:stone_pickaxe":1},"minecraft:used":{"minecraft:spruce_slab":10,"minecraft:poppy":5,"minecraft:shield":86,"minecraft:tuff":13,"minecraft:obsidian":10,"minecraft:lava_bucket":12,"minecraft:copper_ore":43,"minecraft:deepslate_diamond_ore":12,"minecraft:bow":202,"minecraft:furnace":3,"minecraft:gold_block":1,"minecraft:potato":190,"minecraft:spruce_door":3,"minecraft:oak_planks":127,"minecraft:stone_pickaxe":98,"minecraft:wooden_pickaxe":6,"minecraft:blue_bed":3,"minecraft:diamond_axe":1074,"minecraft:cookie":8,"minecraft:sand":10,"minecraft:crossbow":4,"minecraft:deepslate_iron_ore":15,"minecraft:bread":12,"minecraft:lectern":204,"minecraft:diamond_sword":583,"minecraft:stripped_oak_wood":1,"minecraft:grindstone":7,"minecraft:smithing_table":11,"minecraft:bone_meal":45,"minecraft:oak_fence":1,"minecraft:enchanting_table":1,"minecraft:flint_and_steel":2,"minecraft:stone_shovel":27,"create:veridium":2,"minecraft:spruce_planks":622,"minecraft:netherrack":19,"minecraft:torch":5,"minecraft:dirt":184,"minecraft:nether_quartz_ore":86,"minecraft:twisting_vines":2,"minecraft:granite":3,"minecraft:chipped_anvil":1,"minecraft:bookshelf":21,"minecraft:iron_axe":1640,"minecraft:totem_of_undying":3,"minecraft:smooth_basalt":10,"minecraft:golden_carrot":6,"tombstone:gift":4,"minecraft:cooked_beef":28,"minecraft:cobbled_deepslate":50,"minecraft:cooked_mutton":8,"minecraft:water_bucket":154,"minecraft:iron_ore":14,"minecraft:birch_planks":10,"minecraft:baked_potato":27,"iceandfire:myrmex_jungle_sword":23,"minecraft:fletching_table":29,"minecraft:polished_blackstone_bricks":5,"minecraft:crafting_table":20,"minecraft:white_bed":14,"minecraft:diamond_pickaxe":945,"minecraft:cornflower":2,"minecraft:oxeye_daisy":1,"minecraft:cracked_polished_blackstone_bricks":1,"minecraft:iron_pickaxe":741,"minecraft:spruce_sapling":149,"minecraft:stone_axe":16,"minecraft:cobblestone":246,"minecraft:potion":1,"minecraft:purple_bed":4,"minecraft:white_banner":4,"minecraft:cooked_porkchop":11,"minecraft:bucket":167,"minecraft:yellow_bed":4,"minecraft:pumpkin_pie":12,"minecraft:dandelion":2},"minecraft:killed_by":{"minecraft:piglin_brute":4,"minecraft:ravager":2,"iceandfire:sea_serpent":2,"minecraft:vindicator":6,"minecraft:witch":1,"minecraft:zombie":1,"minecraft:vex":1,"minecraft:player":1,"minecraft:iron_golem":1,"iceandfire:gorgon":2,"irons_spellbooks:necromancer":1,"irons_spellbooks:dead_king":1,"iceandfire:ghost":1},"minecraft:custom":{"minecraft:interact_with_crafting_table":69,"minecraft:open_barrel":7,"minecraft:bell_ring":16,"minecraft:leave_game":3,"minecraft:time_since_death":50043,"minecraft:sprint_one_cm":1137144,"minecraft:damage_blocked_by_shield":2766,"minecraft:drop":94,"minecraft:talked_to_villager":476,"minecraft:play_time":466385,"minecraft:deaths":29,"minecraft:jump":9673,"minecraft:walk_on_water_one_cm":83809,"minecraft:enchant_item":16,"minecraft:interact_with_furnace":33,"minecraft:traded_with_villager":535,"minecraft:sleep_in_bed":19,"minecraft:waystone_activated":1,"minecraft:damage_dealt":81710,"minecraft:player_kills":2,"minecraft:crouch_one_cm":124673,"tombstone:undead_killed":66,"tombstone:villager_killed":1,"minecraft:horse_one_cm":30340,"minecraft:interact_with_smithing_table":2,"minecraft:mob_kills":400,"minecraft:interact_with_anvil":10,"minecraft:climb_one_cm":3921,"minecraft:walk_one_cm":619204,"minecraft:raid_win":3,"minecraft:sneak_time":31480,"minecraft:walk_under_water_one_cm":26500,"minecraft:interact_with_blast_furnace":2,"minecraft:total_world_time":466385,"tombstone:raider_killed":212,"minecraft:raid_trigger":4,"minecraft:interact_with_grindstone":7,"minecraft:time_since_rest":5038,"minecraft:damage_taken":2147483647,"minecraft:damage_absorbed":80,"minecraft:swim_one_cm":99248,"minecraft:fly_one_cm":1821112,"minecraft:open_chest":49,"minecraft:fall_one_cm":243616},"minecraft:broken":{"minecraft:golden_boots":1,"minecraft:diamond_helmet":1,"minecraft:chainmail_chestplate":1,"minecraft:iron_axe":7,"minecraft:iron_pickaxe":2},"minecraft:crafted":{"minecraft:grindstone":2,"minecraft:oak_planks":148,"minecraft:stone":3,"minecraft:bookshelf":24,"minecraft:cooked_mutton":12,"minecraft:bow":1,"minecraft:diamond_helmet":2,"minecraft:diamond_leggings":1,"minecraft:iron_boots":1,"minecraft:chest":2,"minecraft:golden_boots":1,"sophisticatedbackpacks:backpack":2,"minecraft:emerald":489,"minecraft:cooked_porkchop":10,"minecraft:diamond_axe":1,"minecraft:crafting_table":6,"minecraft:spruce_planks":7388,"minecraft:wooden_pickaxe":1,"minecraft:iron_helmet":1,"minecraft:spruce_door":3,"minecraft:smithing_table":2,"minecraft:gold_block":13,"minecraft:fletching_table":5,"minecraft:birch_planks":24,"minecraft:lectern":3,"minecraft:iron_chestplate":1,"minecraft:diamond_pickaxe":2,"minecraft:shield":1,"minecraft:stick":13566,"minecraft:stone_slab":6,"minecraft:iron_ingot":108,"minecraft:iron_pickaxe":3,"minecraft:gold_ingot":144,"minecraft:raw_iron":9,"minecraft:furnace":1,"minecraft:bone_meal":96,"minecraft:flint_and_steel":1,"minecraft:iron_axe":7,"minecraft:spruce_slab":30,"minecraft:stone_pickaxe":1,"minecraft:diamond_boots":1,"minecraft:wheat":495,"sophisticatedbackpacks:iron_backpack":3,"minecraft:cooked_beef":26,"minecraft:diamond_sword":1,"minecraft:enchanting_table":1,"minecraft:bell":4,"sophisticatedbackpacks:gold_backpack":2,"minecraft:bucket":1,"minecraft:stone_axe":13,"minecraft:enchanted_book":8,"minecraft:bread":165,"minecraft:air":0,"minecraft:iron_leggings":2,"minecraft:diamond_chestplate":1}},"DataVersion":3120}