{"stats":{"minecraft:used":{"minecraft:oak_fence":1,"minecraft:flint_and_steel":1,"minecraft:spruce_slab":7,"create:veridium":2,"minecraft:spruce_planks":353,"minecraft:shield":72,"minecraft:netherrack":8,"minecraft:torch":1,"minecraft:dirt":66,"minecraft:twisting_vines":2,"minecraft:tuff":13,"minecraft:granite":3,"minecraft:lava_bucket":12,"minecraft:bookshelf":6,"minecraft:iron_axe":1560,"minecraft:smooth_basalt":10,"minecraft:golden_carrot":6,"minecraft:furnace":3,"minecraft:gold_block":1,"tombstone:gift":2,"minecraft:cooked_beef":13,"minecraft:cobbled_deepslate":50,"minecraft:water_bucket":66,"minecraft:birch_planks":10,"minecraft:oak_planks":125,"minecraft:stone_pickaxe":98,"minecraft:wooden_pickaxe":6,"minecraft:blue_bed":3,"iceandfire:myrmex_jungle_sword":23,"minecraft:fletching_table":15,"minecraft:polished_blackstone_bricks":5,"minecraft:cookie":8,"minecraft:sand":10,"minecraft:crafting_table":16,"minecraft:white_bed":6,"minecraft:cornflower":2,"minecraft:oxeye_daisy":1,"minecraft:cracked_polished_blackstone_bricks":1,"minecraft:bread":12,"minecraft:iron_pickaxe":736,"minecraft:lectern":119,"minecraft:spruce_sapling":104,"minecraft:stone_axe":16,"minecraft:cobblestone":109,"minecraft:purple_bed":4,"minecraft:stripped_oak_wood":1,"minecraft:bucket":79,"minecraft:pumpkin_pie":12,"minecraft:yellow_bed":4,"minecraft:dandelion":2,"minecraft:bone_meal":45},"minecraft:custom":{"minecraft:interact_with_smithing_table":1,"minecraft:mob_kills":98,"minecraft:interact_with_crafting_table":43,"minecraft:open_barrel":7,"minecraft:bell_ring":16,"minecraft:leave_game":2,"minecraft:time_since_death":4124,"minecraft:climb_one_cm":3707,"minecraft:sprint_one_cm":550445,"minecraft:walk_one_cm":322710,"minecraft:damage_blocked_by_shield":2446,"minecraft:drop":34,"minecraft:talked_to_villager":218,"minecraft:play_time":249854,"minecraft:sneak_time":20918,"minecraft:deaths":18,"minecraft:walk_under_water_one_cm":5330,"minecraft:jump":4212,"minecraft:walk_on_water_one_cm":22666,"minecraft:total_world_time":249854,"minecraft:interact_with_furnace":21,"minecraft:traded_with_villager":251,"minecraft:sleep_in_bed":11,"minecraft:time_since_rest":3554,"minecraft:waystone_activated":1,"minecraft:damage_taken":2147483647,"minecraft:damage_dealt":20367,"minecraft:swim_one_cm":36303,"minecraft:player_kills":1,"minecraft:fly_one_cm":769092,"minecraft:open_chest":18,"minecraft:crouch_one_cm":78960,"tombstone:undead_killed":40,"tombstone:villager_killed":1,"minecraft:fall_one_cm":101558},"minecraft:crafted":{"minecraft:oak_planks":148,"minecraft:raw_iron":9,"minecraft:furnace":1,"minecraft:bone_meal":96,"minecraft:bookshelf":8,"minecraft:flint_and_steel":1,"minecraft:iron_boots":1,"minecraft:iron_axe":7,"minecraft:spruce_slab":18,"minecraft:stone_pickaxe":1,"minecraft:chest":1,"sophisticatedbackpacks:iron_backpack":2,"minecraft:golden_boots":1,"minecraft:wheat":495,"minecraft:cooked_beef":26,"minecraft:emerald":241,"sophisticatedbackpacks:backpack":1,"minecraft:crafting_table":5,"minecraft:spruce_planks":4264,"minecraft:iron_helmet":1,"minecraft:wooden_pickaxe":1,"sophisticatedbackpacks:gold_backpack":1,"minecraft:fletching_table":5,"minecraft:gold_block":13,"minecraft:bucket":1,"minecraft:birch_planks":24,"minecraft:stone_axe":1,"minecraft:enchanted_book":4,"minecraft:bread":165,"minecraft:air":0,"minecraft:lectern":2,"minecraft:iron_chestplate":1,"minecraft:shield":1,"minecraft:stick":7591,"minecraft:iron_ingot":86,"minecraft:iron_pickaxe":3,"minecraft:iron_leggings":2,"minecraft:gold_ingot":135},"minecraft:killed":{"irons_spellbooks:summoned_zombie":5,"minecraft:spider":1,"minecraft:skeleton":8,"iceandfire:fire_dragon":1,"minecraft:chicken":4,"minecraft:drowned":1,"irons_spellbooks:summoned_skeleton":2,"minecraft:piglin_brute":3,"artifacts:mimic":1,"minecraft:piglin":2,"minecraft:pig":6,"minecraft:wandering_trader":1,"irons_spellbooks:necromancer":1,"minecraft:sheep":8,"minecraft:trader_llama":2,"minecraft:zombie":22,"irons_spellbooks:summoned_vex":4,"iceandfire:ghost":1,"iceandfire:sea_serpent":1,"minecraft:cow":18},"minecraft:killed_by":{"minecraft:player":1,"minecraft:piglin_brute":4,"minecraft:iron_golem":1,"iceandfire:sea_serpent":2,"iceandfire:gorgon":2,"irons_spellbooks:necromancer":1,"irons_spellbooks:dead_king":1,"minecraft:zombie":1},"minecraft:mined":{"minecraft:tuff":26,"minecraft:spruce_planks":17,"minecraft:white_bed":6,"iceandfire:silver_ore":3,"minecraft:deepslate_diamond_ore":48,"minecraft:brewing_stand":1,"minecraft:granite":11,"minecraft:grass_block":28,"minecraft:cracked_polished_blackstone_bricks":1,"minecraft:white_stained_glass":2,"minecraft:polished_andesite_slab":1,"minecraft:spruce_leaves":11,"minecraft:composter":3,"minecraft:oxeye_daisy":1,"minecraft:spawner":1,"minecraft:large_fern":1,"minecraft:hay_block":57,"minecraft:polished_blackstone_bricks":18,"minecraft:raw_iron_block":1,"minecraft:furnace":2,"minecraft:iron_ore":43,"minecraft:cobbled_deepslate":3,"minecraft:andesite":15,"minecraft:deepslate_lapis_ore":12,"minecraft:fletching_table":10,"minecraft:gold_block":17,"minecraft:bookshelf":6,"minecraft:dirt_path":3,"minecraft:deepslate_iron_ore":62,"minecraft:stone":207,"create:veridium":21,"minecraft:spruce_slab":2,"minecraft:podzol":1,"minecraft:smithing_table":1,"minecraft:deepslate_redstone_ore":7,"minecraft:glass_pane":2,"minecraft:twisting_vines_plant":1,"minecraft:basalt":3,"minecraft:dandelion":2,"minecraft:oak_fence":25,"minecraft:cornflower":2,"minecraft:crafting_table":13,"minecraft:blast_furnace":1,"minecraft:andesite_slab":1,"minecraft:lectern":114,"mekanism:tin_ore":2,"minecraft:nether_quartz_ore":1,"minecraft:tall_grass":2,"minecraft:cobblestone":11,"minecraft:oak_planks":2,"minecraft:deepslate_gold_ore":35,"minecraft:sugar_cane":8,"minecraft:grindstone":1,"minecraft:polished_blackstone_brick_stairs":1,"minecraft:blue_bed":3,"minecraft:purple_bed":4,"minecraft:warped_nylium":1,"minecraft:birch_log":6,"minecraft:spruce_log":1128,"minecraft:stripped_oak_wood":2,"minecraft:yellow_bed":4,"minecraft:grass":27,"minecraft:oak_log":42,"minecraft:coal_ore":56,"minecraft:gravel":73,"minecraft:sand":12,"minecraft:dirt":32,"minecraft:smooth_basalt":13,"minecraft:netherrack":7,"minecraft:chipped_anvil":1,"minecraft:oak_leaves":4,"minecraft:deepslate":185},"minecraft:picked_up":{"minecraft:crafting_table":13,"minecraft:chicken":4,"minecraft:smithing_table":1,"minecraft:lead":1,"minecraft:gold_block":15,"minecraft:brewing_stand":1,"minecraft:cornflower":5,"minecraft:string":3,"iceandfire:sea_serpent_scales_teal":5,"artifacts:power_glove":1,"minecraft:iron_shovel":1,"irons_spellbooks:arcane_essence":4,"minecraft:cobbled_deepslate":115,"minecraft:spruce_planks":47,"minecraft:beef":51,"minecraft:poppy":1,"minecraft:spruce_slab":2,"minecraft:lectern":117,"minecraft:sugar_cane":18,"minecraft:birch_sapling":1,"minecraft:furnace":2,"minecraft:egg":1,"minecraft:stick":92,"minecraft:raw_iron":105,"artifacts:charm_of_sinking":1,"minecraft:oak_fence":22,"minecraft:torch":9,"iceandfire:silver_ore":3,"minecraft:porkchop":11,"minecraft:polished_blackstone_bricks":18,"minecraft:pointed_dripstone":14,"tombstone:grave_dust":12,"minecraft:redstone":31,"mekanism:raw_tin":2,"minecraft:arrow":7,"minecraft:rotten_flesh":21,"minecraft:hay_block":55,"create:veridium":8,"minecraft:gold_ingot":3,"sophisticatedbackpacks:copper_backpack":1,"minecraft:oxeye_daisy":2,"minecraft:mutton":12,"minecraft:white_wool":8,"minecraft:cobblestone":194,"minecraft:birch_log":6,"minecraft:cooked_beef":1,"minecraft:feather":5,"minecraft:basalt":3,"iceandfire:sea_serpent_fang":7,"minecraft:andesite":6,"minecraft:leather":19,"minecraft:flint":13,"minecraft:tuff":13,"minecraft:oak_log":37,"minecraft:chainmail_chestplate":1,"minecraft:yellow_bed":4,"minecraft:gunpowder":1,"minecraft:lapis_lazuli":68,"skilltree:gem":25,"minecraft:dirt":71,"minecraft:blue_bed":3,"minecraft:twisting_vines":3,"minecraft:bone":38,"minecraft:chipped_anvil":1,"minecraft:stone_bricks":3,"minecraft:wheat_seeds":2,"minecraft:raw_gold":35,"minecraft:iron_ingot":8,"minecraft:grindstone":1,"minecraft:stripped_oak_wood":2,"minecraft:fletching_table":10,"minecraft:oak_planks":66,"minecraft:book":18,"minecraft:smooth_basalt":10,"minecraft:dandelion":7,"minecraft:raw_iron_block":1,"minecraft:gravel":48,"minecraft:sand":10,"minecraft:spruce_sapling":138,"minecraft:blast_furnace":1,"minecraft:white_bed":6,"minecraft:spruce_log":1098,"minecraft:mossy_cobblestone":3,"minecraft:purple_bed":4,"minecraft:diamond":48,"minecraft:cracked_polished_blackstone_bricks":1,"minecraft:granite":4,"minecraft:golden_apple":1,"tombstone:magic_scroll":1,"minecraft:oak_sapling":1,"minecraft:netherrack":8,"minecraft:coal":146,"minecraft:andesite_slab":1},"minecraft:broken":{"minecraft:chainmail_chestplate":1,"minecraft:iron_axe":6,"minecraft:iron_pickaxe":2},"minecraft:dropped":{"sophisticatedbackpacks:iron_backpack":1,"minecraft:iron_ingot":9,"minecraft:bread":161,"minecraft:wheat_seeds":2,"minecraft:feather":5,"minecraft:leather":8,"minecraft:golden_apple":1,"minecraft:flint":1,"tombstone:grave_key":1,"skilltree:gem":4,"tombstone:grave_dust":2,"minecraft:string":8,"minecraft:gold_ingot":5,"alexsmobs:animal_dictionary":1,"minecraft:oak_sapling":1}},"DataVersion":3120}