{"stats":{"minecraft:killed":{"minecraft:pig":1,"minecraft:pillager":1,"alexsmobs:cockroach":1},"minecraft:crafted":{"minecraft:crafting_table":3,"minecraft:wooden_pickaxe":1,"minecraft:birch_planks":28,"minecraft:stone_axe":1,"minecraft:bread":21,"minecraft:stick":12,"minecraft:iron_pickaxe":1,"minecraft:stone_pickaxe":1,"minecraft:wheat":63},"minecraft:used":{"minecraft:tropical_fish":1,"minecraft:stone_pickaxe":107,"minecraft:wooden_pickaxe":8,"minecraft:torch":2,"minecraft:dirt":3,"minecraft:crafting_table":4,"minecraft:cod":2,"minecraft:iron_pickaxe":215,"minecraft:stone_axe":45,"minecraft:diamond_sword":41,"minecraft:cobblestone":3,"minecraft:porkchop":2,"minecraft:cooked_cod":3,"minecraft:andesite":8,"minecraft:experience_bottle":7},"minecraft:dropped":{"minecraft:crimson_planks":1,"minecraft:bread":21,"minecraft:stone_axe":1,"minecraft:moss_block":2,"minecraft:birch_planks":7,"minecraft:cobbled_deepslate":18,"minecraft:diamond":6,"majruszsaccessories:adventurer_kit":1,"minecraft:birch_sapling":2,"minecraft:diamond_hoe":1,"minecraft:diamond_leggings":1,"minecraft:enchanted_golden_apple":2,"irons_spellbooks:ancient_knowledge_fragment":1,"supplementaries:antique_ink":2,"minecraft:golden_apple":1,"minecraft:dirt":10,"farmersdelight:flint_knife":1,"minecraft:dispenser":1,"minecraft:spruce_planks":3,"byg:soapstone":4,"minecraft:wooden_axe":1,"apotheosis:gem":3,"irons_spellbooks:epic_ink":1,"forbidden_arcanus:darkstone":1,"minecraft:wooden_pickaxe":1,"minecraft:calcite":5,"minecolonies:supplychestdeployer":1,"minecraft:smooth_basalt":5,"minecraft:bone":2},"minecraft:killed_by":{"minecraft:vindicator":4,"minecraft:player":1,"whisperwoods:hidebehind":3,"minecraft:skeleton":3,"minecraft:spider":1,"minecraft:phantom":1,"minecraft:zombie":3,"minecraft:pillager":4,"enemyexpansion:equestrian":2,"enemyexpansion:goblin":1,"enemyexpansion:invisicreeper":4},"minecraft:picked_up":{"iter_rpg:spawner_fragment":1,"minecraft:birch_log":14,"minecraft:crafting_table":2,"byg:soapstone":4,"minecraft:andesite":8,"minecraft:crimson_planks":1,"minecraft:amethyst_block":7,"farmersdelight:flint_knife":1,"minecraft:dirt":16,"minecraft:bone":2,"minecraft:cobbled_deepslate":39,"alexsmobs:cockroach_wing_fragment":1,"minecraft:spruce_planks":3,"minecraft:calcite":5,"minecraft:enchanted_golden_apple":1,"minecraft:moss_block":4,"minecraft:chest":1,"minecraft:birch_sapling":2,"forbidden_arcanus:darkstone":1,"minecraft:raw_iron":46,"minecraft:smooth_basalt":5,"apotheosis:gem":4,"minecraft:torch":14,"minecraft:porkchop":2,"minecraft:diorite":32,"minecraft:rotten_flesh":1,"minecraft:dispenser":1,"minecraft:cooked_cod":24,"minecraft:diamond":5,"minecraft:purple_glazed_terracotta":2,"minecraft:stone_axe":1,"supplementaries:antique_ink":2,"minecraft:hay_block":7,"minecraft:emerald":3,"forbidden_arcanus:spawner_scrap":1,"minecraft:coal":28,"minecraft:skeleton_skull":1,"minecraft:cobblestone":164,"minecraft:wooden_axe":1},"minecraft:broken":{"majruszsdifficulty:tattered_chestplate":1},"minecraft:mined":{"minecraft:tuff":9,"minecraft:spruce_planks":3,"minecraft:deepslate_diamond_ore":3,"minecraft:crafting_table":2,"minecraft:budding_amethyst":2,"minecraft:purple_terracotta":2,"minecraft:grass_block":3,"minecraft:calcite":5,"iter_rpg:vase":1,"minecraft:moss_block":2,"minecraft:sculk":2,"minecraft:diorite":32,"minecraft:wall_torch":2,"minecraft:amethyst_block":7,"minecraft:spawner":2,"supplementaries:urn":5,"minecraft:hay_block":7,"byg:soapstone":4,"forbidden_arcanus:darkstone":1,"iter_rpg:small_vase":1,"minecraft:birch_log":14,"minecraft:iron_ore":34,"minecraft:fire":2,"minecraft:birch_leaves":4,"minecraft:andesite":8,"minecraft:pumpkin":2,"minecraft:grass":6,"minecraft:coal_ore":20,"minecraft:deepslate_iron_ore":5,"minecraft:vine":1,"minecraft:dirt":13,"minecraft:crimson_planks":1,"minecraft:smooth_basalt":5,"minecraft:stone":159,"minecraft:dispenser":1,"minecraft:deepslate":18},"minecraft:custom":{"enigmaticlegacy:play_time_with_seven_curses":75199,"lootr:looted_stat":28,"minecraft:mob_kills":3,"enigmaticlegacy:play_time_without_seven_curses":1712,"minecraft:interact_with_crafting_table":5,"minecraft:damage_dealt_resisted":0,"minecraft:leave_game":2,"minecraft:time_since_death":13906,"minecraft:damage_resisted":0,"minecraft:climb_one_cm":22060,"minecraft:time_since_rest":13932,"minecraft:sprint_one_cm":329528,"minecraft:damage_taken":12274,"minecraft:walk_one_cm":70455,"minecraft:drop":33,"minecraft:damage_dealt":3365,"minecraft:swim_one_cm":25621,"minecraft:player_kills":2,"minecraft:fly_one_cm":270211,"minecraft:crouch_one_cm":17465,"minecraft:play_time":77808,"minecraft:deaths":30,"minecraft:sneak_time":7159,"minecraft:walk_under_water_one_cm":5611,"minecraft:jump":1547,"minecraft:walk_on_water_one_cm":12956,"minecraft:total_world_time":77808,"minecraft:fall_one_cm":71008,"minecraft:inspect_dispenser":1}},"DataVersion":3120}