{"stats":{"minecraft:mined":{"minecraft:grass_block":2,"minecraft:coal_ore":20,"minecraft:dirt":4,"minecraft:birch_log":7,"minecraft:stone":55,"minecraft:andesite":4,"minecraft:crafting_table":1},"minecraft:custom":{"minecraft:time_since_rest":12305,"enigmaticlegacy:play_time_with_seven_curses":10593,"minecraft:crouch_one_cm":614,"minecraft:play_time":12305,"minecraft:sprint_one_cm":6367,"minecraft:damage_taken":30,"minecraft:walk_one_cm":4040,"minecraft:sneak_time":490,"minecraft:walk_under_water_one_cm":816,"minecraft:mob_kills":1,"minecraft:jump":81,"minecraft:damage_dealt":111,"minecraft:time_since_death":12305,"minecraft:total_world_time":12305,"enigmaticlegacy:play_time_without_seven_curses":1712,"minecraft:climb_one_cm":579,"minecraft:swim_one_cm":3291,"minecraft:interact_with_crafting_table":2,"minecraft:fall_one_cm":4053,"minecraft:fly_one_cm":7161},"minecraft:killed":{"minecraft:pig":1},"minecraft:crafted":{"minecraft:birch_planks":28,"minecraft:stone_axe":1,"minecraft:crafting_table":1,"minecraft:stick":12,"minecraft:stone_pickaxe":1,"minecraft:wooden_pickaxe":1},"minecraft:used":{"minecraft:stone_axe":3,"minecraft:dirt":3,"minecraft:crafting_table":1,"minecraft:stone_pickaxe":72,"minecraft:wooden_pickaxe":8},"minecraft:picked_up":{"minecraft:birch_log":7,"apotheosis:gem":1,"minecraft:crafting_table":1,"minecraft:andesite":4,"minecraft:porkchop":2,"minecraft:coal":28,"minecraft:dirt":6,"minecraft:cobblestone":54}},"DataVersion":3120}