{"stats":{"minecraft:mined":{"minecraft:deepslate_diamond_ore":3,"minecraft:crafting_table":1,"minecraft:grass_block":3,"iter_rpg:vase":1,"minecraft:moss_block":2,"minecraft:sculk":2,"minecraft:diorite":1,"minecraft:wall_torch":2,"minecraft:spawner":1,"supplementaries:urn":3,"byg:soapstone":4,"minecraft:birch_log":7,"minecraft:iron_ore":7,"minecraft:fire":2,"minecraft:andesite":7,"minecraft:grass":2,"minecraft:coal_ore":20,"minecraft:vine":1,"minecraft:dirt":9,"minecraft:stone":117},"minecraft:custom":{"enigmaticlegacy:play_time_with_seven_curses":33483,"lootr:looted_stat":15,"minecraft:mob_kills":1,"enigmaticlegacy:play_time_without_seven_curses":1712,"minecraft:interact_with_crafting_table":4,"minecraft:damage_dealt_resisted":0,"minecraft:leave_game":1,"minecraft:time_since_death":2664,"minecraft:climb_one_cm":7239,"minecraft:time_since_rest":2700,"minecraft:sprint_one_cm":111385,"minecraft:damage_taken":6696,"minecraft:walk_one_cm":32644,"minecraft:drop":4,"minecraft:damage_dealt":1049,"minecraft:swim_one_cm":4516,"minecraft:fly_one_cm":69358,"minecraft:player_kills":1,"minecraft:crouch_one_cm":10045,"minecraft:play_time":35629,"minecraft:deaths":15,"minecraft:sneak_time":4383,"minecraft:walk_under_water_one_cm":3639,"minecraft:jump":484,"minecraft:walk_on_water_one_cm":1026,"minecraft:total_world_time":35629,"minecraft:fall_one_cm":25844},"minecraft:dropped":{"minecraft:stone_axe":1,"minecraft:moss_block":2,"minecraft:diamond_leggings":1,"minecraft:bone":2},"minecraft:killed":{"minecraft:pig":1},"minecraft:crafted":{"minecraft:crafting_table":2,"minecraft:wooden_pickaxe":1,"minecraft:birch_planks":28,"minecraft:stone_axe":1,"minecraft:stick":12,"minecraft:iron_pickaxe":1,"minecraft:stone_pickaxe":1},"minecraft:used":{"minecraft:stone_pickaxe":107,"minecraft:wooden_pickaxe":8,"minecraft:torch":2,"minecraft:dirt":3,"minecraft:crafting_table":3,"minecraft:iron_pickaxe":52,"minecraft:stone_axe":27,"minecraft:cobblestone":1,"minecraft:porkchop":2,"minecraft:andesite":2,"minecraft:experience_bottle":7},"minecraft:picked_up":{"minecraft:birch_log":7,"minecraft:crafting_table":1,"byg:soapstone":4,"minecraft:andesite":7,"minecraft:dirt":12,"minecraft:bone":2,"minecraft:cobbled_deepslate":21,"minecraft:moss_block":4,"minecraft:raw_iron":11,"apotheosis:gem":1,"minecraft:torch":14,"minecraft:porkchop":2,"minecraft:diorite":1,"minecraft:rotten_flesh":1,"minecraft:diamond":5,"minecraft:stone_axe":1,"supplementaries:antique_ink":2,"minecraft:skeleton_skull":1,"minecraft:coal":28,"minecraft:cobblestone":122},"minecraft:killed_by":{"minecraft:player":1,"whisperwoods:hidebehind":3,"minecraft:skeleton":3,"minecraft:zombie":1,"minecraft:pillager":1,"enemyexpansion:goblin":1,"enemyexpansion:invisicreeper":4}},"DataVersion":3120}