{"stats":{"minecraft:mined":{"minecraft:tuff":9,"minecraft:deepslate_diamond_ore":3,"minecraft:crafting_table":1,"minecraft:budding_amethyst":2,"minecraft:calcite":5,"minecraft:grass_block":3,"iter_rpg:vase":1,"minecraft:moss_block":2,"minecraft:sculk":2,"minecraft:diorite":32,"minecraft:wall_torch":2,"minecraft:amethyst_block":7,"minecraft:spawner":1,"supplementaries:urn":5,"byg:soapstone":4,"forbidden_arcanus:darkstone":1,"minecraft:birch_log":7,"minecraft:iron_ore":25,"minecraft:fire":2,"minecraft:andesite":8,"minecraft:grass":2,"minecraft:coal_ore":20,"minecraft:deepslate_iron_ore":2,"minecraft:vine":1,"minecraft:dirt":13,"minecraft:smooth_basalt":5,"minecraft:stone":158,"minecraft:deepslate":18},"minecraft:custom":{"enigmaticlegacy:play_time_with_seven_curses":45393,"lootr:looted_stat":18,"minecraft:mob_kills":1,"enigmaticlegacy:play_time_without_seven_curses":1712,"minecraft:interact_with_crafting_table":4,"minecraft:damage_dealt_resisted":0,"minecraft:leave_game":1,"minecraft:time_since_death":3803,"minecraft:climb_one_cm":10228,"minecraft:time_since_rest":3837,"minecraft:sprint_one_cm":176002,"minecraft:damage_taken":7321,"minecraft:walk_one_cm":42760,"minecraft:drop":7,"minecraft:damage_dealt":2064,"minecraft:swim_one_cm":4516,"minecraft:fly_one_cm":110100,"minecraft:player_kills":1,"minecraft:crouch_one_cm":17056,"minecraft:play_time":47629,"minecraft:deaths":18,"minecraft:sneak_time":6528,"minecraft:walk_under_water_one_cm":3639,"minecraft:jump":711,"minecraft:walk_on_water_one_cm":2062,"minecraft:total_world_time":47629,"minecraft:fall_one_cm":41487},"minecraft:broken":{"majruszsdifficulty:tattered_chestplate":1},"minecraft:dropped":{"minecraft:stone_axe":1,"minecraft:moss_block":2,"minecraft:diamond_leggings":1,"apotheosis:gem":2,"irons_spellbooks:epic_ink":1,"minecraft:bone":2},"minecraft:killed":{"minecraft:pig":1},"minecraft:crafted":{"minecraft:crafting_table":2,"minecraft:wooden_pickaxe":1,"minecraft:birch_planks":28,"minecraft:stone_axe":1,"minecraft:stick":12,"minecraft:iron_pickaxe":1,"minecraft:stone_pickaxe":1},"minecraft:used":{"minecraft:stone_pickaxe":107,"minecraft:wooden_pickaxe":8,"minecraft:torch":2,"minecraft:dirt":3,"minecraft:crafting_table":3,"minecraft:iron_pickaxe":196,"minecraft:stone_axe":28,"minecraft:diamond_sword":13,"minecraft:cobblestone":1,"minecraft:porkchop":2,"minecraft:andesite":6,"minecraft:experience_bottle":7},"minecraft:picked_up":{"minecraft:birch_log":7,"minecraft:crafting_table":1,"byg:soapstone":4,"minecraft:andesite":8,"minecraft:amethyst_block":7,"minecraft:dirt":16,"minecraft:bone":2,"minecraft:cobbled_deepslate":39,"minecraft:calcite":5,"minecraft:moss_block":4,"forbidden_arcanus:darkstone":1,"minecraft:raw_iron":35,"minecraft:smooth_basalt":5,"apotheosis:gem":3,"minecraft:torch":14,"minecraft:porkchop":2,"minecraft:diorite":32,"minecraft:rotten_flesh":1,"minecraft:diamond":5,"minecraft:stone_axe":1,"supplementaries:antique_ink":2,"minecraft:emerald":3,"minecraft:skeleton_skull":1,"minecraft:coal":28,"minecraft:cobblestone":163},"minecraft:killed_by":{"minecraft:player":1,"whisperwoods:hidebehind":3,"minecraft:skeleton":3,"minecraft:zombie":3,"minecraft:pillager":1,"enemyexpansion:goblin":1,"enemyexpansion:invisicreeper":4}},"DataVersion":3120}