{"stats":{"minecraft:crafted":{"minecraft:crafting_table":1,"minecraft:spruce_planks":24,"minecraft:stick":8,"minecraft:wooden_pickaxe":1,"minecraft:baked_potato":32,"minecraft:stone_pickaxe":1,"minecraft:stone_axe":1,"minecraft:air":0},"minecraft:killed_by":{"iceandfire:ice_dragon":1},"minecraft:mined":{"minecraft:spruce_sapling":1,"minecraft:spruce_log":6,"minecraft:dandelion":1,"minecraft:crafting_table":2,"minecraft:grass":11,"minecraft:coal_ore":21,"minecraft:cobblestone":1,"minecraft:spruce_leaves":3,"minecraft:stone":5,"minecraft:fern":5},"minecraft:dropped":{"minecraft:wheat_seeds":1},"minecraft:used":{"minecraft:stone_pickaxe":27,"minecraft:baked_potato":3,"minecraft:spruce_planks":4,"minecraft:spruce_sapling":3,"minecraft:stone_axe":1,"minecraft:cobblestone":1,"minecraft:crafting_table":2,"tombstone:gift":1,"minecraft:dandelion":1},"minecraft:picked_up":{"minecraft:stick":4,"minecraft:crafting_table":2,"minecraft:dandelion":1,"minecraft:spruce_sapling":6,"minecraft:spruce_log":6,"skilltree:gem":4,"minecraft:wheat_seeds":3,"minecraft:coal":21,"minecraft:cobblestone":6},"minecraft:custom":{"minecraft:time_since_rest":1961,"minecraft:interact_with_furnace":1,"minecraft:sprint_one_cm":46458,"minecraft:damage_taken":340,"minecraft:walk_one_cm":19436,"minecraft:drop":1,"minecraft:interact_with_crafting_table":3,"minecraft:fly_one_cm":51557,"minecraft:open_chest":2,"minecraft:crouch_one_cm":330,"minecraft:play_time":19536,"minecraft:deaths":1,"minecraft:sneak_time":95,"minecraft:jump":289,"minecraft:leave_game":5,"minecraft:time_since_death":2232,"minecraft:total_world_time":19536,"minecraft:fall_one_cm":10300}},"DataVersion":3120}