{"stats":{"minecraft:crafted":{"minecraft:oak_planks":112,"minecraft:emerald":10,"minecraft:crafting_table":1,"minecraft:spruce_planks":72,"minecraft:spruce_button":1,"minecraft:wooden_pickaxe":1,"minecraft:baked_potato":32,"minecraft:spruce_fence":3,"minecraft:stone_axe":1,"minecraft:air":0,"minecraft:spruce_stairs":4,"minecraft:stick":324,"minecraft:stone_pickaxe":1,"minecraft:torch":12,"minecraft:lead":2},"minecraft:killed_by":{"iceandfire:ice_dragon":1},"minecraft:mined":{"minecraft:stone_pressure_plate":2,"iceandfire:silver_ore":1,"minecraft:dandelion":1,"minecraft:crafting_table":2,"minecraft:torch":1,"mekanism:tin_ore":2,"minecraft:cobblestone":1,"minecraft:spruce_leaves":3,"minecraft:wall_torch":3,"minecraft:spruce_sapling":1,"minecraft:spruce_log":18,"minecraft:grass":18,"minecraft:coal_ore":21,"minecraft:oak_log":30,"minecraft:stone":6,"minecraft:fern":5},"minecraft:dropped":{"minecraft:wheat_seeds":2,"iceandfire:silver_ore":1,"minecraft:spruce_button":2,"mekanism:raw_tin":2,"minecraft:stick":10,"minecraft:oak_sapling":11,"minecraft:arrow":2,"minecraft:spruce_sapling":7},"minecraft:killed":{"minecraft:skeleton":1},"minecraft:used":{"minecraft:stone_pickaxe":33,"minecraft:baked_potato":9,"minecraft:spruce_planks":4,"minecraft:torch":12,"minecraft:crafting_table":2,"minecraft:spruce_stairs":4,"minecraft:spruce_fence":1,"minecraft:spruce_sapling":3,"minecraft:stone_axe":51,"minecraft:cobblestone":2,"minecraft:oak_sapling":2,"tombstone:gift":1,"minecraft:stone_pressure_plate":2,"minecraft:dandelion":1},"minecraft:custom":{"minecraft:interact_with_furnace":2,"minecraft:mob_kills":1,"minecraft:traded_with_villager":10,"minecraft:interact_with_crafting_table":7,"minecraft:leave_game":5,"minecraft:time_since_death":14232,"minecraft:time_since_rest":13961,"minecraft:waystone_activated":1,"minecraft:sprint_one_cm":101710,"minecraft:damage_taken":518,"minecraft:walk_one_cm":45493,"minecraft:drop":11,"minecraft:damage_dealt":400,"minecraft:talked_to_villager":3,"minecraft:fly_one_cm":118134,"minecraft:open_chest":7,"minecraft:crouch_one_cm":2118,"minecraft:play_time":31536,"tombstone:undead_killed":1,"minecraft:deaths":1,"minecraft:sneak_time":584,"minecraft:jump":633,"minecraft:total_world_time":31536,"minecraft:fall_one_cm":18720},"minecraft:picked_up":{"minecraft:crafting_table":2,"minecraft:leather":2,"minecraft:oak_log":28,"skilltree:gem":4,"minecraft:string":7,"minecraft:bone":3,"minecraft:apple":2,"minecraft:wheat_seeds":4,"minecraft:stick":18,"minecraft:torch":4,"minecraft:dandelion":1,"iceandfire:silver_ore":1,"minecraft:spruce_sapling":10,"minecraft:spruce_log":18,"mekanism:raw_tin":2,"minecraft:stone_pressure_plate":2,"minecraft:arrow":2,"minecraft:slime_ball":4,"minecraft:spruce_button":1,"minecraft:baked_potato":32,"minecraft:oak_sapling":13,"minecraft:coal":21,"minecraft:cobblestone":7}},"DataVersion":3120}