{"stats":{"minecraft:crafted":{"minecraft:oak_planks":160,"minecraft:emerald":10,"minecraft:crafting_table":1,"minecraft:spruce_planks":72,"minecraft:spruce_button":1,"minecraft:wooden_pickaxe":1,"minecraft:baked_potato":32,"minecraft:spruce_fence":3,"minecraft:stone_axe":2,"minecraft:air":0,"minecraft:spruce_stairs":4,"minecraft:shield":1,"minecraft:stick":328,"minecraft:stone_pickaxe":1,"minecraft:torch":12,"minecraft:lead":2},"minecraft:killed_by":{"irons_spellbooks:pyromancer":1,"iceandfire:ice_dragon":1},"minecraft:mined":{"minecraft:stone_pressure_plate":2,"iceandfire:silver_ore":1,"minecraft:dandelion":1,"minecraft:crafting_table":4,"minecraft:torch":1,"mekanism:tin_ore":2,"minecraft:cobblestone":1,"minecraft:spruce_leaves":3,"minecraft:wall_torch":3,"minecraft:spawner":6,"minecraft:spruce_sapling":1,"minecraft:spruce_log":18,"minecraft:grass":21,"minecraft:coal_ore":21,"minecraft:oak_log":42,"minecraft:iron_bars":4,"minecraft:stone":6,"minecraft:fern":5},"minecraft:dropped":{"minecraft:wheat_seeds":2,"minecraft:rotten_flesh":4,"iceandfire:silver_ore":1,"minecraft:spruce_button":2,"mekanism:raw_tin":2,"minecraft:red_mushroom":5,"minecraft:polished_andesite":3,"minecraft:stick":11,"minecraft:oak_sapling":11,"minecraft:stone_bricks":1,"minecraft:arrow":2,"minecraft:fermented_spider_eye":1,"minecraft:gold_ingot":3,"minecraft:spruce_sapling":7},"minecraft:killed":{"minecraft:skeleton":4,"minecraft:zombie":2},"minecraft:used":{"minecraft:stone_pickaxe":34,"minecraft:baked_potato":10,"minecraft:poppy":1,"minecraft:spruce_planks":4,"minecraft:shield":17,"minecraft:torch":16,"minecraft:crafting_table":4,"minecraft:spruce_stairs":4,"minecraft:spruce_fence":1,"minecraft:spruce_sapling":3,"minecraft:stone_axe":89,"minecraft:cobblestone":2,"minecraft:oak_sapling":2,"tombstone:gift":1,"minecraft:stone_pressure_plate":2,"minecraft:cooked_beef":1,"minecraft:dandelion":1,"minecraft:golden_pickaxe":9},"minecraft:custom":{"minecraft:interact_with_furnace":3,"minecraft:mob_kills":7,"minecraft:traded_with_villager":10,"minecraft:interact_with_crafting_table":10,"minecraft:open_barrel":3,"minecraft:eat_cake_slice":3,"minecraft:leave_game":5,"minecraft:time_since_death":7745,"minecraft:time_since_rest":7480,"minecraft:waystone_activated":1,"minecraft:sprint_one_cm":161560,"minecraft:damage_taken":995,"minecraft:walk_one_cm":68035,"minecraft:damage_blocked_by_shield":865,"minecraft:drop":20,"minecraft:damage_dealt":2179,"minecraft:swim_one_cm":1250,"minecraft:talked_to_villager":3,"minecraft:fly_one_cm":162630,"minecraft:open_chest":25,"minecraft:crouch_one_cm":2168,"minecraft:play_time":43536,"tombstone:undead_killed":6,"minecraft:deaths":2,"minecraft:sneak_time":620,"minecraft:walk_under_water_one_cm":95,"minecraft:jump":852,"minecraft:walk_on_water_one_cm":112,"minecraft:total_world_time":43536,"minecraft:fall_one_cm":23423},"minecraft:picked_up":{"minecraft:crafting_table":4,"minecraft:leather":2,"minecraft:red_mushroom":5,"minecraft:potion":1,"minecraft:oak_log":40,"skilltree:gem":4,"minecraft:string":7,"alexsmobs:ancient_dart":1,"minecraft:bone":12,"minecraft:apple":2,"minecraft:stone_bricks":1,"minecraft:wheat_seeds":4,"minecraft:iron_ingot":5,"minecraft:poppy":1,"minecraft:oak_planks":17,"minecraft:stick":19,"minecraft:torch":4,"minecraft:dandelion":1,"iceandfire:silver_ore":1,"minecraft:spruce_sapling":10,"tombstone:grave_dust":1,"minecraft:spruce_log":18,"minecraft:fermented_spider_eye":1,"mekanism:raw_tin":2,"minecraft:stone_pressure_plate":2,"minecraft:bundle":1,"minecraft:polished_andesite":3,"minecraft:arrow":3,"minecraft:rotten_flesh":7,"minecraft:slime_ball":4,"minecraft:spruce_button":1,"minecraft:gold_ingot":3,"minecraft:baked_potato":32,"minecraft:oak_sapling":17,"minecraft:iron_bars":4,"minecraft:coal":21,"minecraft:cobblestone":8}},"DataVersion":3120}