{"stats":{"minecraft:picked_up":{"minecraft:crafting_table":4,"minecraft:leather_leggings":2,"minecraft:wooden_pickaxe":1,"minecraft:potion":1,"minecraft:string":19,"minecraft:iron_axe":1,"alexsmobs:ancient_dart":1,"minecraft:beef":8,"minecraft:poppy":1,"minecraft:iron_boots":2,"minecraft:golden_helmet":1,"minecraft:stick":19,"minecraft:torch":46,"iceandfire:silver_ore":1,"tombstone:grave_dust":9,"mekanism:raw_tin":2,"minecraft:stone_pressure_plate":2,"minecraft:quartz_block":1,"minecraft:arrow":37,"minecraft:rotten_flesh":19,"minecraft:totem_of_undying":1,"minecraft:gold_ingot":3,"minecraft:iron_bars":17,"minecraft:cobblestone":8,"minecraft:leather":8,"minecraft:potato":1,"minecraft:red_mushroom":5,"minecraft:oak_log":40,"minecraft:golden_boots":1,"skilltree:gem":4,"tombstone:gift":1,"minecraft:bone":22,"minecraft:apple":2,"minecraft:stone_bricks":1,"minecraft:bow":1,"minecraft:wheat_seeds":5,"minecraft:iron_ingot":5,"minecraft:oak_planks":17,"minecraft:dandelion":1,"minecraft:spruce_sapling":11,"minecraft:nether_brick_stairs":2,"minecraft:spruce_log":18,"minecraft:fermented_spider_eye":1,"minecraft:leather_helmet":1,"minecraft:bundle":3,"minecraft:polished_andesite":3,"minecraft:slime_ball":4,"minecraft:iron_helmet":1,"minecraft:spruce_button":1,"tombstone:magic_scroll":2,"minecraft:baked_potato":32,"minecraft:oak_sapling":17,"minecraft:coal":22},"minecraft:mined":{"minecraft:stone_pressure_plate":2,"minecraft:spruce_planks":3,"iceandfire:silver_ore":1,"minecraft:mossy_cobblestone":1,"minecraft:deepslate_tile_stairs":2,"minecraft:spruce_leaves":11,"minecraft:spawner":51,"minecraft:spruce_sapling":1,"minecraft:nether_brick_stairs":2,"minecraft:vine":1,"minecraft:iron_bars":21,"minecraft:stone":6,"minecraft:quartz_block":9,"minecraft:dandelion":2,"minecraft:crafting_table":4,"minecraft:torch":3,"mekanism:tin_ore":2,"minecraft:cobblestone":1,"minecraft:wall_torch":9,"minecraft:spruce_log":18,"minecraft:stone_brick_stairs":1,"minecraft:grass":50,"minecraft:oak_log":42,"minecraft:coal_ore":21,"minecraft:cracked_stone_bricks":1,"minecraft:mossy_stone_bricks":1,"minecraft:fern":5},"minecraft:broken":{"minecraft:shield":1,"minecraft:stone_axe":1,"minecraft:golden_pickaxe":1},"minecraft:used":{"minecraft:iron_bars":2,"minecraft:poppy":1,"minecraft:chest":4,"minecraft:spruce_planks":4,"minecraft:shield":68,"minecraft:iron_sword":48,"minecraft:torch":112,"minecraft:chainmail_chestplate":1,"minecraft:spruce_stairs":4,"minecraft:carrot":1,"minecraft:diamond_helmet":1,"minecraft:spruce_fence":1,"minecraft:iron_axe":43,"minecraft:iron_helmet":1,"minecraft:diamond_chestplate":1,"minecraft:golden_carrot":3,"minecraft:oak_sapling":2,"tombstone:gift":5,"minecraft:stone_pressure_plate":2,"minecraft:cooked_beef":10,"minecraft:diamond_boots":1,"minecraft:stone_pickaxe":44,"minecraft:baked_potato":28,"minecraft:golden_apple":1,"minecraft:crafting_table":7,"minecraft:diamond_pickaxe":2,"minecraft:iron_pickaxe":53,"minecraft:spruce_sapling":3,"minecraft:stone_axe":163,"minecraft:cobblestone":2,"minecraft:potion":2,"minecraft:dandelion":1,"minecraft:diamond_leggings":1,"minecraft:golden_pickaxe":30},"minecraft:custom":{"minecraft:interact_with_smithing_table":1,"minecraft:mob_kills":60,"minecraft:interact_with_anvil":6,"minecraft:interact_with_crafting_table":20,"minecraft:open_barrel":3,"minecraft:eat_cake_slice":3,"minecraft:leave_game":7,"minecraft:time_since_death":25659,"minecraft:climb_one_cm":3853,"minecraft:sprint_one_cm":433255,"minecraft:walk_one_cm":204238,"minecraft:damage_blocked_by_shield":3263,"minecraft:drop":43,"minecraft:talked_to_villager":3,"minecraft:play_time":105475,"minecraft:deaths":5,"minecraft:sneak_time":1148,"minecraft:walk_under_water_one_cm":310,"minecraft:jump":1950,"minecraft:walk_on_water_one_cm":1529,"minecraft:total_world_time":105475,"minecraft:interact_with_furnace":7,"minecraft:traded_with_villager":10,"minecraft:time_since_rest":25471,"minecraft:waystone_activated":1,"minecraft:damage_taken":3720,"minecraft:damage_absorbed":40,"minecraft:damage_dealt":10671,"minecraft:swim_one_cm":1835,"minecraft:fly_one_cm":401524,"minecraft:open_chest":108,"minecraft:crouch_one_cm":3770,"tombstone:undead_killed":46,"minecraft:fall_one_cm":43870},"minecraft:crafted":{"minecraft:oak_planks":160,"minecraft:spruce_button":1,"minecraft:spruce_fence":3,"minecraft:spruce_stairs":4,"minecraft:iron_axe":1,"minecraft:stone_pickaxe":1,"minecraft:chest":5,"minecraft:lead":2,"minecraft:emerald":10,"sophisticatedbackpacks:backpack":1,"minecraft:crafting_table":3,"minecraft:spruce_planks":72,"minecraft:wooden_pickaxe":1,"minecraft:baked_potato":96,"minecraft:stone_axe":2,"minecraft:air":0,"minecraft:shield":1,"minecraft:stick":332,"tombstone:dark_marble":6,"minecraft:torch":12},"minecraft:killed":{"minecraft:spider":5,"minecraft:skeleton":15,"minecraft:silverfish":1,"minecraft:zombie":23,"minecraft:stray":4,"minecraft:wither_skeleton":4,"minecraft:cow":4},"minecraft:killed_by":{"minecraft:wither_skeleton":2,"irons_spellbooks:pyromancer":1,"iceandfire:ice_dragon":1,"minecraft:zombie":1},"minecraft:dropped":{"minecraft:iron_ingot":13,"minecraft:wheat_seeds":2,"minecraft:golden_helmet":1,"minecraft:glass_bottle":2,"minecraft:spruce_button":2,"minecraft:leather_helmet":1,"minecraft:red_mushroom":5,"minecraft:polished_andesite":3,"minecraft:stick":11,"minecraft:torch":3,"minecraft:fermented_spider_eye":1,"minecraft:spruce_sapling":8,"minecraft:gold_ingot":3,"minecraft:bone":1,"minecraft:rotten_flesh":12,"iceandfire:silver_ore":1,"minecraft:iron_boots":1,"mekanism:raw_tin":2,"minecraft:chainmail_chestplate":1,"minecraft:potato":1,"minecraft:bundle":1,"minecraft:quartz_block":1,"minecraft:oak_sapling":11,"minecraft:stone_bricks":1,"minecraft:iron_bars":8,"minecraft:arrow":36,"minecraft:bow":1}},"DataVersion":3120}