{"stats":{"minecraft:mined":{"minecraft:stone_pressure_plate":2,"iceandfire:silver_ore":1,"minecraft:dandelion":1,"minecraft:crafting_table":4,"minecraft:torch":1,"mekanism:tin_ore":2,"minecraft:cobblestone":1,"minecraft:spruce_leaves":3,"minecraft:wall_torch":3,"minecraft:spawner":21,"minecraft:spruce_sapling":1,"minecraft:spruce_log":18,"minecraft:stone_brick_stairs":1,"minecraft:grass":27,"minecraft:coal_ore":21,"minecraft:oak_log":42,"minecraft:iron_bars":12,"minecraft:stone":6,"minecraft:fern":5},"minecraft:killed":{"minecraft:spider":3,"minecraft:skeleton":10,"minecraft:zombie":16},"minecraft:picked_up":{"minecraft:crafting_table":4,"minecraft:leather_leggings":1,"minecraft:leather":2,"minecraft:wooden_pickaxe":1,"minecraft:red_mushroom":5,"minecraft:potion":1,"minecraft:oak_log":40,"skilltree:gem":4,"minecraft:string":9,"tombstone:gift":1,"alexsmobs:ancient_dart":1,"minecraft:bone":16,"minecraft:apple":2,"minecraft:stone_bricks":1,"minecraft:bow":1,"minecraft:wheat_seeds":4,"minecraft:iron_ingot":5,"minecraft:poppy":1,"minecraft:oak_planks":17,"minecraft:golden_helmet":1,"minecraft:stick":19,"minecraft:torch":4,"minecraft:dandelion":1,"iceandfire:silver_ore":1,"minecraft:spruce_sapling":10,"tombstone:grave_dust":4,"minecraft:spruce_log":18,"minecraft:fermented_spider_eye":1,"mekanism:raw_tin":2,"minecraft:stone_pressure_plate":2,"minecraft:bundle":3,"minecraft:polished_andesite":3,"minecraft:arrow":12,"minecraft:rotten_flesh":13,"minecraft:slime_ball":4,"minecraft:iron_helmet":1,"minecraft:spruce_button":1,"minecraft:gold_ingot":3,"minecraft:baked_potato":32,"tombstone:magic_scroll":1,"minecraft:oak_sapling":17,"minecraft:iron_bars":12,"minecraft:coal":21,"minecraft:cobblestone":8},"minecraft:dropped":{"minecraft:iron_ingot":13,"minecraft:wheat_seeds":2,"minecraft:golden_helmet":1,"minecraft:glass_bottle":2,"minecraft:rotten_flesh":10,"iceandfire:silver_ore":1,"minecraft:spruce_button":2,"mekanism:raw_tin":2,"minecraft:red_mushroom":5,"minecraft:chainmail_chestplate":1,"minecraft:polished_andesite":3,"minecraft:stick":11,"minecraft:potato":1,"minecraft:bundle":1,"minecraft:oak_sapling":11,"minecraft:stone_bricks":1,"minecraft:iron_bars":8,"minecraft:arrow":2,"minecraft:bow":1,"minecraft:fermented_spider_eye":1,"minecraft:spruce_sapling":7,"minecraft:gold_ingot":3},"minecraft:used":{"minecraft:iron_bars":2,"minecraft:stone_pickaxe":39,"minecraft:baked_potato":15,"minecraft:poppy":1,"minecraft:chest":2,"minecraft:spruce_planks":4,"minecraft:shield":29,"minecraft:torch":38,"minecraft:crafting_table":5,"minecraft:carrot":1,"minecraft:chainmail_chestplate":1,"minecraft:spruce_stairs":4,"minecraft:spruce_fence":1,"minecraft:iron_helmet":1,"minecraft:spruce_sapling":3,"minecraft:potion":2,"minecraft:stone_axe":163,"minecraft:cobblestone":2,"minecraft:oak_sapling":2,"tombstone:gift":2,"minecraft:stone_pressure_plate":2,"minecraft:cooked_beef":9,"minecraft:dandelion":1,"minecraft:golden_pickaxe":30},"minecraft:broken":{"minecraft:stone_axe":1,"minecraft:golden_pickaxe":1},"minecraft:killed_by":{"irons_spellbooks:pyromancer":1,"iceandfire:ice_dragon":1,"minecraft:zombie":1},"minecraft:crafted":{"minecraft:oak_planks":160,"minecraft:emerald":10,"minecraft:crafting_table":1,"minecraft:spruce_planks":72,"minecraft:spruce_button":1,"minecraft:wooden_pickaxe":1,"minecraft:baked_potato":32,"minecraft:spruce_fence":3,"minecraft:stone_axe":2,"minecraft:air":0,"minecraft:spruce_stairs":4,"minecraft:shield":1,"minecraft:stick":328,"minecraft:stone_pickaxe":1,"minecraft:chest":2,"minecraft:torch":12,"minecraft:lead":2},"minecraft:custom":{"minecraft:interact_with_furnace":3,"minecraft:mob_kills":31,"minecraft:traded_with_villager":10,"minecraft:interact_with_crafting_table":12,"minecraft:open_barrel":3,"minecraft:eat_cake_slice":3,"minecraft:leave_game":6,"minecraft:time_since_death":4680,"minecraft:time_since_rest":4402,"minecraft:waystone_activated":1,"minecraft:damage_taken":2180,"minecraft:sprint_one_cm":261357,"minecraft:walk_one_cm":122356,"minecraft:damage_blocked_by_shield":1361,"minecraft:drop":33,"minecraft:damage_dealt":6455,"minecraft:swim_one_cm":1250,"minecraft:fly_one_cm":232612,"minecraft:talked_to_villager":3,"minecraft:open_chest":60,"minecraft:play_time":63789,"minecraft:crouch_one_cm":2853,"tombstone:undead_killed":26,"minecraft:deaths":3,"minecraft:sneak_time":743,"minecraft:walk_under_water_one_cm":95,"minecraft:jump":1182,"minecraft:walk_on_water_one_cm":956,"minecraft:total_world_time":63789,"minecraft:fall_one_cm":26374}},"DataVersion":3120}