{"stats":{"minecraft:used":{"minecraft:crafting_table":1,"minecraft:spruce_sapling":3},"minecraft:custom":{"minecraft:time_since_rest":6866,"minecraft:open_chest":2,"minecraft:sprint_one_cm":23376,"minecraft:play_time":6866,"minecraft:damage_taken":60,"minecraft:walk_one_cm":8263,"minecraft:sneak_time":7,"minecraft:jump":131,"minecraft:leave_game":3,"minecraft:time_since_death":6866,"minecraft:total_world_time":6866,"minecraft:interact_with_crafting_table":3,"minecraft:fall_one_cm":4754,"minecraft:fly_one_cm":19345},"minecraft:crafted":{"minecraft:stone_axe":1,"minecraft:crafting_table":1,"minecraft:spruce_planks":20,"minecraft:stick":8,"minecraft:wooden_pickaxe":1,"minecraft:stone_pickaxe":1},"minecraft:picked_up":{"minecraft:stick":1,"minecraft:crafting_table":1,"minecraft:spruce_sapling":3,"minecraft:spruce_log":5},"minecraft:mined":{"minecraft:grass":3,"minecraft:spruce_sapling":1,"minecraft:spruce_leaves":3,"minecraft:spruce_log":5,"minecraft:crafting_table":1,"minecraft:fern":1}},"DataVersion":3120}