{"stats":{"minecraft:broken":{"minecraft:iron_boots":1,"majruszsdifficulty:tattered_boots":1,"minecraft:iron_helmet":1,"minecraft:diamond_leggings":1},"minecraft:custom":{"enigmaticlegacy:play_time_with_seven_curses":0,"lootr:looted_stat":87,"minecraft:mob_kills":20,"enigmaticlegacy:play_time_without_seven_curses":119432,"minecraft:interact_with_crafting_table":9,"minecraft:open_barrel":1,"minecraft:damage_dealt_resisted":1802,"minecraft:leave_game":4,"minecraft:time_since_death":8266,"minecraft:climb_one_cm":4709,"minecraft:damage_resisted":0,"minecraft:time_since_rest":8300,"minecraft:walk_one_cm":239520,"minecraft:sprint_one_cm":179155,"minecraft:damage_taken":15510,"minecraft:damage_absorbed":780,"minecraft:damage_blocked_by_shield":250,"minecraft:drop":44,"minecraft:damage_dealt":49768,"minecraft:swim_one_cm":6508,"minecraft:talked_to_villager":4,"minecraft:player_kills":2,"minecraft:fly_one_cm":433784,"minecraft:open_chest":2,"minecraft:crouch_one_cm":7450,"minecraft:play_time":120482,"minecraft:deaths":32,"minecraft:sneak_time":2855,"minecraft:walk_under_water_one_cm":10277,"minecraft:jump":1773,"minecraft:walk_on_water_one_cm":19563,"minecraft:total_world_time":120482,"minecraft:fall_one_cm":76375},"minecraft:used":{"minecraft:water_bucket":17,"cisco_mod:absolute_equillibrium":189,"minecraft:ender_pearl":1,"minecraft:shield":8,"minecraft:wooden_pickaxe":3,"minecraft:iron_sword":136,"minecraft:golden_apple":1,"minecraft:crafting_table":4,"minecraft:wooden_axe":6,"minecraft:apple":18,"minecraft:bread":79,"minecraft:iron_pickaxe":45,"minecraft:golden_carrot":1,"minecraft:bucket":18},"minecraft:crafted":{"minecraft:birch_planks":24,"minecraft:bread":34,"minecraft:stick":12,"minecraft:wheat":64},"minecraft:picked_up":{"iter_rpg:spawner_fragment":1,"minecraft:birch_log":6,"minecraft:crafting_table":3,"minecraft:wheat":8,"minecraft:tripwire_hook":4,"minecraft:leather_leggings":1,"minecraft:wooden_pickaxe":3,"aether:iron_gloves":1,"minecraft:chainmail_chestplate":1,"minecraft:brewing_stand":1,"minecraft:iron_axe":1,"minecraft:experience_bottle":1,"minecraft:bone":5,"minecraft:diamond_leggings":1,"minecraft:wheat_seeds":25,"minecraft:spruce_planks":2,"minecraft:iron_ingot":7,"apotheosis:gem_dust":1,"minecraft:chest":1,"apotheosis:gem":1,"minecraft:stone":1,"patchouli:guide_book":1,"minecraft:copper_ingot":2,"undead_unleashed:grave_metal_scrap":3,"majruszsaccessories:adventurer_kit":4,"minecraft:mossy_cobblestone":3,"minecraft:polished_andesite":1,"minecraft:arrow":3,"minecraft:rotten_flesh":1,"enigmaticlegacy:cursed_ring":1,"ars_nouveau:worn_notebook":1,"minecraft:hay_block":11,"ecologics:coconut_log":1,"knightquest:small_essence":2,"minecraft:golden_apple":1,"minecraft:emerald":1,"minecraft:bread":27,"supplementaries:ash":1,"forbidden_arcanus:spawner_scrap":1,"minecraft:skeleton_skull":1,"minecraft:cobblestone":12},"minecraft:mined":{"byg:clover_patch":1,"minecraft:spruce_planks":1,"minecraft:mossy_cobblestone":5,"minecraft:brewing_stand":1,"minecraft:crafting_table":3,"delightful:pumpkin_pie":3,"minecraft:white_stained_glass_pane":1,"minecraft:tall_grass":1,"minecraft:cobblestone":29,"ecologics:coconut_log":1,"minecraft:spawner":1,"minecraft:deepslate_copper_ore":1,"minecraft:hay_block":11,"minecraft:birch_log":6,"minecraft:fire":1,"minecraft:wheat":8,"byg:prairie_grass":1,"byg:alpine_bellflower":1,"minecraft:gold_block":2,"minecraft:grass":5,"minecraft:oak_log":1,"minecraft:cobblestone_slab":1,"minecraft:sand":1,"structure_gel:dynamic_spawner":1,"minecraft:cobweb":1},"minecraft:killed":{"minecraft:pig":1,"enemyexpansion:equestrian":1,"minecraft:phantom":1,"minecraft:skeleton":6,"minecraft:zombie":11},"minecraft:killed_by":{"minecraft:vindicator":4,"mutantmonsters:mutant_skeleton":2,"minecraft:skeleton":8,"minecraft:creeper":1,"minecraft:spider":1,"minecraft:zombie":6,"minecraft:pillager":2,"enemyexpansion:goblin":1,"minecraft:vex":1},"minecraft:dropped":{"minecolonies:supplychestdeployer":1,"byg:biomepedia":1,"minecraft:iron_ingot":7,"minecraft:bread":7,"minecraft:wheat_seeds":2,"alexsmobs:animal_dictionary":1,"minecraft:mossy_cobblestone":3,"majruszsaccessories:adventurer_kit":5,"minecraft:wheat":1,"minecraft:cobblestone":8,"minecraft:copper_ingot":2,"patchouli:guide_book":3,"enigmaticlegacy:cursed_ring":1,"ars_nouveau:worn_notebook":2,"minecraft:cobblestone_slab":1,"farmersdelight:flint_knife":1,"aether:iron_gloves":1,"minecraft:wooden_axe":1,"minecraft:cooked_cod":24,"apotheosis:gem":1,"minecraft:chest":1,"minecraft:wooden_pickaxe":4,"minecraft:tripwire_hook":1}},"DataVersion":3120}