{"stats":{"minecraft:mined":{"minecraft:tuff":4,"minecraft:spruce_planks":4,"minecraft:mossy_cobblestone":4,"minecraft:nether_bricks":1,"minecraft:acacia_log":16,"minecraft:spawner":16,"minecraft:large_fern":8,"minecraft:furnace":1,"minecraft:iron_ore":25,"minecraft:andesite":10,"minecraft:pumpkin":1,"minecraft:pointed_dripstone":5,"minecraft:polished_deepslate_slab":3,"minecraft:iron_bars":6,"minecraft:azalea":1,"minecraft:stone":26,"minecraft:quartz_block":9,"minecraft:crafting_table":7,"minecraft:lectern":2,"minecraft:cobblestone":2,"minecraft:deepslate_gold_ore":1,"minecraft:oak_planks":3,"minecraft:diorite":4,"minecraft:wall_torch":2,"minecraft:ice":5,"minecraft:tnt":1,"minecraft:grass":1,"minecraft:coal_ore":16,"minecraft:oak_log":18,"minecraft:dirt":2,"minecraft:cobweb":1,"minecraft:cracked_stone_bricks":4,"minecraft:stone_bricks":8,"minecraft:chipped_anvil":2,"minecraft:mossy_stone_bricks":3,"minecraft:deepslate":26},"minecraft:broken":{"minecraft:leather_helmet":1,"minecraft:chainmail_boots":1,"minecraft:shield":1},"minecraft:custom":{"minecraft:interact_with_anvil":1,"minecraft:mob_kills":60,"minecraft:interact_with_crafting_table":14,"minecraft:open_barrel":26,"minecraft:eat_cake_slice":5,"minecraft:time_since_death":5359,"minecraft:climb_one_cm":1776,"minecraft:sprint_one_cm":141174,"minecraft:walk_one_cm":271990,"minecraft:damage_blocked_by_shield":1485,"minecraft:drop":69,"minecraft:play_time":91334,"minecraft:deaths":19,"minecraft:sneak_time":1826,"minecraft:walk_under_water_one_cm":14509,"minecraft:jump":1217,"minecraft:interact_with_blast_furnace":3,"minecraft:walk_on_water_one_cm":4246,"minecraft:total_world_time":91334,"minecraft:interact_with_furnace":15,"minecraft:time_since_rest":5263,"minecraft:damage_taken":7961,"minecraft:damage_absorbed":121,"minecraft:trigger_trapped_chest":1,"minecraft:damage_dealt":14801,"minecraft:fly_one_cm":266216,"minecraft:swim_one_cm":10780,"minecraft:player_kills":1,"minecraft:open_chest":51,"minecraft:crouch_one_cm":5297,"tombstone:undead_killed":40,"minecraft:fall_one_cm":63703},"minecraft:killed_by":{"minecraft:player":2,"minecraft:wither_skeleton":2,"graveyard:acolyte":1,"minecraft:cave_spider":1,"irons_spellbooks:dead_king":4,"iceandfire:ice_dragon":6,"minecraft:skeleton":2},"minecraft:used":{"minecraft:stone_sword":21,"minecraft:iron_bars":7,"minecraft:spruce_planks":2,"minecraft:shield":90,"minecraft:iron_sword":355,"minecraft:cooked_chicken":2,"minecraft:torch":5,"minecraft:carrot":18,"minecraft:acacia_sapling":3,"minecraft:wooden_axe":44,"minecraft:chipped_anvil":1,"minecraft:furnace":1,"minecraft:cooked_beef":2,"tombstone:gift":5,"minecraft:potato":8,"minecraft:diorite":4,"minecraft:stone_pickaxe":37,"minecraft:baked_potato":9,"minecraft:oak_planks":123,"minecraft:wooden_pickaxe":16,"minecraft:cracked_stone_bricks":1,"minecraft:salmon":15,"minecraft:golden_apple":3,"minecraft:polished_deepslate_slab":3,"minecraft:tnt":1,"minecraft:crafting_table":8,"minecraft:diamond_pickaxe":13,"minecraft:apple":3,"minecraft:melon_slice":4,"minecraft:bread":6,"minecraft:iron_pickaxe":121,"minecraft:stone_axe":4,"minecraft:potion":1,"minecraft:cobblestone":3,"minecraft:cooked_porkchop":3,"minecraft:experience_bottle":4},"minecraft:killed":{"minecraft:cave_spider":5,"graveyard:corrupted_vindicator":1,"graveyard:wraith":7,"minecraft:skeleton":8,"graveyard:acolyte":2,"minecraft:silverfish":5,"irons_spellbooks:summoned_skeleton":1,"artifacts:mimic":3,"graveyard:ghoul":2,"irons_spellbooks:dead_king":1,"minecraft:zombie":18,"minecraft:stray":2,"iceandfire:ice_dragon":1,"minecraft:wither_skeleton":2,"graveyard:corrupted_pillager":1},"minecraft:crafted":{"minecraft:oak_planks":200,"minecraft:furnace":1,"minecraft:stone_pickaxe":1,"minecraft:crafting_table":2,"minecraft:wooden_pickaxe":1,"minecraft:iron_helmet":1,"minecraft:iron_sword":1,"sophisticatedbackpacks:gold_backpack":1,"minecraft:bucket":1,"minecraft:stone_axe":1,"minecraft:air":0,"minecraft:iron_chestplate":1,"minecraft:shield":1,"minecraft:stick":24,"minecraft:iron_pickaxe":1,"minecraft:iron_ingot":25,"minecraft:wooden_axe":1,"minecraft:stone_sword":1,"minecraft:iron_leggings":1},"minecraft:picked_up":{"irons_spellbooks:scroll":6,"iceandfire:dragon_skull_lightning":2,"minecraft:crafting_table":10,"minecraft:chainmail_boots":1,"iceandfire:witherbone":4,"artifacts:bunny_hoppers":1,"minecraft:wooden_pickaxe":1,"minecraft:potion":4,"minecraft:enchanted_book":5,"minecraft:shield":1,"minecraft:iron_leggings":2,"graveyard:corruption":6,"minecraft:cracked_stone_bricks":3,"irons_spellbooks:arcane_essence":63,"minecraft:cobbled_deepslate":11,"minecraft:bucket":1,"minecraft:spruce_planks":4,"minecraft:azalea":1,"minecraft:lectern":2,"minecraft:iron_pickaxe":1,"irons_spellbooks:blank_rune":3,"irons_spellbooks:lightning_bottle":2,"iceandfire:ice_dragon_heart":1,"minecraft:furnace":1,"minecraft:tipped_arrow":1,"minecraft:polished_deepslate_slab":3,"minecraft:raw_iron":25,"minecraft:stick":5,"iceandfire:dragonbone":25,"minecraft:torch":7,"minecraft:acacia_log":16,"tombstone:grave_dust":36,"minecraft:pointed_dripstone":11,"minecraft:diorite":4,"minecraft:carrot":17,"minecraft:golden_chestplate":1,"iceandfire:dragon_skull_ice":1,"minecraft:tnt":3,"artifacts:snorkel":1,"minecraft:quartz_block":1,"minecraft:stone_sword":1,"minecraft:arrow":8,"minecraft:rotten_flesh":34,"iceandfire:dragonscales_silver":4,"tombstone:scroll_of_aquatic_life":1,"minecraft:gold_ingot":23,"sophisticatedbackpacks:copper_backpack":1,"minecraft:iron_bars":11,"minecraft:cobblestone":20,"minecraft:cooked_beef":2,"artifacts:digging_claws":1,"minecraft:andesite":2,"minecraft:golden_leggings":1,"alexsmobs:acacia_blossom":1,"minecraft:red_mushroom":2,"minecraft:potato":1,"minecraft:tuff":2,"minecraft:oak_log":18,"minecraft:golden_boots":1,"skilltree:gem":6,"minecraft:chipped_anvil":2,"minecraft:bone":7,"minecraft:apple":2,"minecraft:stone_bricks":4,"minecraft:raw_gold":1,"minecraft:iron_ingot":30,"minecraft:stone_pickaxe":1,"artifacts:antidote_vessel":1,"minecraft:glass_bottle":1,"minecraft:oak_planks":44,"minecraft:iron_sword":1,"minecraft:acacia_sapling":6,"minecraft:mossy_stone_brick_stairs":1,"minecraft:scaffolding":17,"irons_spellbooks:frozen_bone":10,"minecraft:pumpkin":1,"minecraft:gravel":15,"sophisticatedbackpacks:iron_backpack":1,"minecraft:spruce_log":2,"minecraft:spider_eye":3,"minecraft:leather_helmet":1,"minecraft:bundle":2,"minecraft:diamond":3,"minecraft:writable_book":2,"iceandfire:dragon_ice":5,"minecraft:iron_helmet":1,"iceandfire:ice_dragon_flesh":7,"minecraft:emerald":1,"minecraft:bread":2,"minecraft:chainmail_helmet":1,"minecraft:oak_sapling":1,"iceandfire:silver_nugget":8,"minecraft:coal":43,"minecraft:diamond_pickaxe":2,"minecraft:ender_pearl":2},"minecraft:dropped":{"minecraft:enchanted_book":1,"minecraft:iron_ingot":14,"minecraft:glass_bottle":1,"minecraft:ender_pearl":2,"minecraft:crafting_table":2,"minecraft:cobblestone":1,"iceandfire:ice_dragon_flesh":7,"minecraft:emerald":3,"minecraft:torch":5,"skilltree:gem":3,"minecraft:writable_book":2,"iceandfire:ice_dragon_heart":1,"minecraft:iron_pickaxe":1,"minecraft:iron_shovel":1,"minecraft:bone":2,"alexsmobs:acacia_blossom":1,"minecraft:stone_sword":2,"minecraft:pointed_dripstone":9,"minecraft:rotten_flesh":23,"minecraft:spruce_planks":2,"minecraft:acacia_sapling":3,"minecraft:oak_sapling":1,"minecraft:stone_bricks":2,"sophisticatedbackpacks:copper_backpack":2,"minecraft:iron_bars":2,"minecraft:stone_pickaxe":2,"iceandfire:dragon_skull_lightning":1}},"DataVersion":3120}