{"stats":{"minecraft:picked_up":{"irons_spellbooks:scroll":6,"iceandfire:dragon_skull_lightning":2,"minecraft:crafting_table":10,"minecraft:chainmail_boots":1,"iceandfire:witherbone":4,"artifacts:bunny_hoppers":1,"minecraft:wooden_pickaxe":1,"minecraft:potion":4,"minecraft:enchanted_book":5,"minecraft:shield":1,"minecraft:amethyst_block":1,"minecraft:string":8,"minecraft:iron_leggings":2,"graveyard:corruption":9,"minecraft:cracked_stone_bricks":3,"irons_spellbooks:arcane_essence":63,"minecraft:cobbled_deepslate":11,"minecraft:bucket":1,"minecraft:spruce_planks":20,"minecraft:beef":3,"minecraft:azalea":1,"irons_spellbooks:lightning_bottle":2,"minecraft:iron_pickaxe":1,"minecraft:spruce_slab":1,"irons_spellbooks:blank_rune":3,"minecraft:lectern":2,"minecraft:furnace":1,"iceandfire:ice_dragon_heart":1,"minecraft:tipped_arrow":5,"minecraft:stick":50,"minecraft:raw_iron":25,"iceandfire:dragonbone":25,"minecraft:polished_deepslate_slab":3,"minecraft:torch":7,"minecraft:acacia_log":16,"mekanismtools:steel_chestplate":2,"minecraft:pointed_dripstone":11,"tombstone:grave_dust":43,"minecraft:diorite":4,"minecraft:warped_planks":1,"minecraft:carrot":17,"graveyard:dark_iron_trapdoor":1,"minecraft:golden_chestplate":1,"minecraft:stone_shovel":1,"iceandfire:dragon_skull_ice":1,"minecraft:tnt":3,"artifacts:snorkel":1,"minecraft:quartz_block":1,"minecraft:stone_sword":1,"minecraft:arrow":22,"minecraft:rotten_flesh":37,"iceandfire:dragonscales_silver":4,"minecraft:deepslate_bricks":1,"tombstone:essence_of_undeath":1,"tombstone:scroll_of_aquatic_life":1,"minecraft:gold_ingot":23,"sophisticatedbackpacks:copper_backpack":1,"minecraft:iron_bars":17,"minecraft:cobblestone":21,"minecraft:nautilus_shell":1,"minecraft:cooked_beef":2,"minecraft:oxidized_copper":1,"minecraft:magma_cream":1,"artifacts:digging_claws":1,"minecraft:andesite":2,"minecraft:golden_leggings":1,"alexsmobs:acacia_blossom":1,"minecraft:red_mushroom":2,"minecraft:potato":1,"minecraft:tuff":2,"minecraft:oak_log":18,"minecraft:chainmail_chestplate":1,"iceandfire:ectoplasm":3,"minecraft:golden_boots":1,"minecraft:dirt":1,"skilltree:gem":18,"minecraft:bone":13,"minecraft:chipped_anvil":3,"minecraft:apple":2,"minecraft:stone_bricks":4,"minecraft:wheat_seeds":6,"minecraft:deepslate_brick_slab":2,"minecraft:raw_gold":7,"minecraft:iron_ingot":30,"minecraft:stone_pickaxe":3,"minecraft:stone_hoe":1,"artifacts:antidote_vessel":1,"minecraft:glass_bottle":1,"minecraft:iron_sword":1,"minecraft:oak_planks":44,"minecraft:acacia_sapling":6,"minecraft:mossy_stone_brick_stairs":1,"minecraft:scaffolding":17,"irons_spellbooks:frozen_bone":10,"minecraft:pumpkin":1,"minecraft:quartz":76,"minecraft:gravel":15,"minecraft:spruce_sapling":70,"sophisticatedbackpacks:iron_backpack":1,"minecraft:spruce_log":734,"minecraft:spider_eye":5,"minecraft:leather_helmet":1,"minecraft:bundle":2,"minecraft:diamond":3,"mekanismtools:steel_sword":2,"minecraft:chainmail_leggings":1,"minecraft:writable_book":2,"iceandfire:dragon_ice":5,"minecraft:iron_helmet":1,"minecraft:netherrack":19,"minecraft:emerald":1,"iceandfire:ice_dragon_flesh":7,"minecraft:chainmail_helmet":1,"minecraft:bread":2,"minecraft:baked_potato":29,"minecraft:oak_sapling":1,"iceandfire:silver_nugget":8,"minecraft:coal":43,"minecraft:diamond_pickaxe":2,"minecraft:ender_pearl":2},"minecraft:mined":{"minecraft:tuff":4,"minecraft:spruce_planks":4,"minecraft:mossy_cobblestone":4,"irons_spellbooks:armor_pile":1,"minecraft:nether_bricks":1,"minecraft:acacia_log":16,"minecraft:purple_stained_glass_pane":1,"minecraft:deepslate_bricks":2,"minecraft:spawner":22,"minecraft:large_fern":8,"minecraft:deepslate_brick_slab":2,"minecraft:spruce_sapling":6,"minecraft:furnace":1,"minecraft:iron_ore":25,"minecraft:andesite":10,"minecraft:pumpkin":1,"minecraft:dirt_path":1,"minecraft:pointed_dripstone":5,"minecraft:polished_deepslate_slab":3,"minecraft:iron_bars":12,"minecraft:azalea":1,"minecraft:stone":26,"graveyard:lying_wither_skeleton":1,"minecraft:spruce_slab":1,"minecraft:quartz_block":9,"graveyard:dark_iron_trapdoor":2,"minecraft:crafting_table":7,"minecraft:oxidized_copper":2,"minecraft:lectern":2,"minecraft:nether_quartz_ore":76,"minecraft:tall_grass":4,"minecraft:cobblestone":4,"minecraft:deepslate_gold_ore":1,"minecraft:oak_planks":3,"minecraft:cracked_deepslate_bricks":2,"minecraft:wall_torch":2,"minecraft:diorite":4,"minecraft:amethyst_block":2,"graveyard:vase_block":1,"minecraft:warped_planks":1,"minecraft:ice":5,"minecraft:spruce_log":776,"minecraft:tnt":1,"minecraft:grass":22,"minecraft:coal_ore":16,"minecraft:oak_log":18,"minecraft:dirt":2,"minecraft:cobweb":2,"minecraft:cracked_stone_bricks":4,"minecraft:stone_bricks":8,"minecraft:netherrack":22,"minecraft:chipped_anvil":3,"minecraft:mossy_stone_bricks":3,"minecraft:deepslate":26},"minecraft:used":{"minecraft:stone_sword":21,"minecraft:iron_bars":7,"minecraft:spruce_planks":21,"minecraft:shield":90,"minecraft:iron_sword":510,"minecraft:cooked_chicken":2,"minecraft:torch":5,"minecraft:dirt":1,"minecraft:carrot":18,"minecraft:acacia_sapling":3,"minecraft:wooden_axe":44,"minecraft:chipped_anvil":3,"minecraft:golden_carrot":5,"minecraft:furnace":1,"tombstone:gift":6,"minecraft:cooked_beef":2,"minecraft:potato":8,"minecraft:diorite":4,"minecraft:stone_pickaxe":37,"minecraft:baked_potato":27,"minecraft:oak_planks":192,"minecraft:wooden_pickaxe":16,"minecraft:diamond_axe":787,"minecraft:cracked_stone_bricks":1,"minecraft:salmon":15,"minecraft:golden_apple":3,"minecraft:polished_deepslate_slab":3,"minecraft:tnt":1,"minecraft:crafting_table":8,"minecraft:diamond_pickaxe":143,"minecraft:apple":3,"minecraft:bread":6,"minecraft:melon_slice":4,"minecraft:iron_pickaxe":121,"minecraft:spruce_sapling":64,"tombstone:grave_key":1,"minecraft:stone_axe":4,"minecraft:cobblestone":3,"minecraft:potion":2,"minecraft:cooked_porkchop":3,"minecraft:experience_bottle":4},"minecraft:broken":{"minecraft:leather_helmet":1,"minecraft:chainmail_boots":1,"minecraft:shield":1,"minecraft:iron_helmet":1},"minecraft:custom":{"minecraft:interact_with_smithing_table":1,"minecraft:interact_with_anvil":8,"minecraft:mob_kills":102,"minecraft:interact_with_crafting_table":17,"minecraft:open_barrel":44,"minecraft:eat_cake_slice":5,"minecraft:leave_game":2,"minecraft:time_since_death":49980,"minecraft:climb_one_cm":5957,"minecraft:sprint_one_cm":280074,"minecraft:walk_one_cm":415365,"minecraft:damage_blocked_by_shield":1485,"minecraft:drop":123,"minecraft:talked_to_villager":68,"minecraft:raid_win":1,"minecraft:play_time":149798,"minecraft:deaths":26,"minecraft:sneak_time":3406,"minecraft:walk_under_water_one_cm":20438,"minecraft:jump":2383,"minecraft:interact_with_blast_furnace":3,"minecraft:walk_on_water_one_cm":5649,"minecraft:total_world_time":149798,"minecraft:interact_with_furnace":19,"tombstone:raider_killed":2,"minecraft:traded_with_villager":141,"minecraft:sleep_in_bed":1,"minecraft:time_since_rest":45341,"minecraft:damage_taken":10616,"minecraft:damage_absorbed":121,"minecraft:trigger_trapped_chest":1,"minecraft:damage_dealt":22823,"minecraft:player_kills":1,"minecraft:swim_one_cm":20496,"minecraft:fly_one_cm":575655,"minecraft:open_chest":79,"minecraft:crouch_one_cm":12192,"tombstone:undead_killed":65,"minecraft:fall_one_cm":143402,"minecraft:horse_one_cm":1216},"minecraft:crafted":{"minecraft:oak_planks":200,"minecraft:furnace":1,"minecraft:diamond_leggings":1,"minecraft:iron_boots":1,"minecraft:stone_pickaxe":1,"minecraft:diamond_boots":1,"minecraft:emerald":132,"minecraft:diamond_axe":1,"minecraft:crafting_table":2,"minecraft:spruce_planks":1572,"minecraft:baked_potato":63,"minecraft:wooden_pickaxe":1,"minecraft:iron_helmet":1,"minecraft:iron_sword":1,"sophisticatedbackpacks:gold_backpack":1,"minecraft:bucket":1,"minecraft:enchanted_book":6,"minecraft:stone_axe":1,"minecraft:air":0,"minecraft:iron_chestplate":1,"minecraft:shield":1,"minecraft:stick":3093,"minecraft:iron_ingot":25,"minecraft:iron_pickaxe":1,"minecraft:wooden_axe":1,"minecraft:stone_sword":1,"minecraft:iron_leggings":2},"minecraft:killed_by":{"minecraft:player":2,"minecraft:wither_skeleton":2,"graveyard:acolyte":6,"minecraft:cave_spider":1,"irons_spellbooks:dead_king":4,"iceandfire:ice_dragon":6,"minecraft:skeleton":2,"graveyard:wraith":2},"minecraft:killed":{"minecraft:cave_spider":5,"graveyard:corrupted_vindicator":2,"minecraft:spider":7,"graveyard:wraith":13,"minecraft:skeleton":11,"graveyard:acolyte":4,"minecraft:drowned":1,"minecraft:silverfish":5,"irons_spellbooks:summoned_skeleton":1,"artifacts:mimic":3,"minecraft:magma_cube":3,"graveyard:ghoul":2,"irons_spellbooks:dead_king":1,"minecraft:pillager":2,"minecraft:zombie":28,"iceandfire:ghost":5,"minecraft:stray":2,"iceandfire:ice_dragon":1,"minecraft:wither_skeleton":2,"graveyard:corrupted_pillager":2,"minecraft:cow":1},"minecraft:dropped":{"minecraft:enchanted_book":1,"minecraft:iron_ingot":14,"minecraft:wheat_seeds":6,"minecraft:glass_bottle":1,"minecraft:ender_pearl":2,"minecraft:crafting_table":2,"minecraft:cobblestone":2,"iceandfire:ice_dragon_flesh":7,"minecraft:amethyst_block":1,"graveyard:corruption":7,"minecraft:stick":62,"minecraft:emerald":3,"minecraft:torch":5,"skilltree:gem":3,"minecraft:iron_leggings":1,"tombstone:grave_dust":4,"minecraft:writable_book":2,"iceandfire:ice_dragon_heart":1,"minecraft:iron_pickaxe":1,"minecraft:chainmail_leggings":1,"minecraft:iron_shovel":1,"minecraft:oxidized_copper":1,"minecraft:spruce_sapling":6,"minecraft:bone":2,"graveyard:dark_iron_trapdoor":1,"alexsmobs:acacia_blossom":1,"minecraft:stone_sword":2,"minecraft:pointed_dripstone":9,"minecraft:stone_shovel":1,"minecraft:rotten_flesh":26,"minecraft:deepslate_brick_slab":2,"minecraft:iron_boots":1,"iceandfire:dragon_skull_ice":1,"minecraft:warped_planks":1,"minecraft:chainmail_chestplate":1,"minecraft:deepslate_bricks":1,"iceandfire:dragon_ice":11,"mekanismtools:steel_sword":2,"minecraft:tipped_arrow":4,"minecraft:spruce_planks":2,"minecraft:iron_chestplate":1,"minecraft:acacia_sapling":3,"minecraft:oak_sapling":1,"minecraft:stone_bricks":2,"minecraft:spruce_slab":1,"sophisticatedbackpacks:copper_backpack":2,"minecraft:iron_bars":8,"minecraft:arrow":14,"minecraft:stone_pickaxe":4,"minecraft:raw_gold":7,"minecraft:quartz":43,"iceandfire:dragon_skull_lightning":1,"mekanismtools:steel_chestplate":2,"minecraft:stone_hoe":1}},"DataVersion":3120}