{"stats":{"minecraft:mined":{"minecraft:grass":1,"minecraft:acacia_log":16,"minecraft:oak_log":18,"minecraft:stone":16,"minecraft:crafting_table":1},"minecraft:custom":{"minecraft:time_since_rest":728,"minecraft:crouch_one_cm":403,"minecraft:play_time":7334,"minecraft:sprint_one_cm":9651,"minecraft:damage_taken":220,"minecraft:walk_one_cm":10017,"minecraft:sneak_time":135,"minecraft:walk_under_water_one_cm":7472,"minecraft:drop":5,"minecraft:jump":184,"minecraft:damage_dealt":105,"minecraft:time_since_death":0,"minecraft:walk_on_water_one_cm":1243,"minecraft:total_world_time":7334,"minecraft:swim_one_cm":7764,"minecraft:interact_with_crafting_table":1,"minecraft:fall_one_cm":5343,"minecraft:fly_one_cm":34256,"minecraft:deaths":1},"minecraft:killed_by":{"minecraft:skeleton":1},"minecraft:used":{"minecraft:wooden_axe":34,"minecraft:crafting_table":1,"minecraft:oak_planks":3,"minecraft:acacia_sapling":3,"minecraft:wooden_pickaxe":16},"minecraft:crafted":{"minecraft:oak_planks":72,"minecraft:crafting_table":1,"minecraft:stick":12,"minecraft:wooden_pickaxe":1,"minecraft:wooden_axe":1},"minecraft:picked_up":{"iceandfire:dragon_skull_lightning":1,"iceandfire:dragonbone":19,"minecraft:crafting_table":1,"minecraft:stick":5,"alexsmobs:acacia_blossom":1,"minecraft:acacia_log":16,"minecraft:oak_log":18,"minecraft:oak_sapling":1,"minecraft:acacia_sapling":6,"minecraft:cobblestone":16},"minecraft:dropped":{"alexsmobs:acacia_blossom":1,"minecraft:oak_sapling":1,"minecraft:acacia_sapling":3}},"DataVersion":3120}