{"stats":{"minecraft:mined":{"minecraft:grass":1,"minecraft:birch_log":4,"minecraft:birch_leaves":1,"minecraft:torch":1},"minecraft:custom":{"minecraft:time_since_rest":996,"enigmaticlegacy:play_time_with_seven_curses":9704,"minecraft:deaths":4,"minecraft:crouch_one_cm":653,"minecraft:play_time":11256,"lootr:looted_stat":3,"minecraft:sprint_one_cm":15752,"minecraft:damage_taken":1256,"minecraft:walk_one_cm":8779,"minecraft:sneak_time":550,"minecraft:drop":3,"minecraft:jump":211,"minecraft:leave_game":2,"minecraft:time_since_death":972,"minecraft:damage_resisted":0,"minecraft:climb_one_cm":1905,"enigmaticlegacy:play_time_without_seven_curses":1444,"minecraft:total_world_time":11256,"minecraft:fall_one_cm":44110,"minecraft:fly_one_cm":53952},"minecraft:dropped":{"minecraft:spruce_slab":1,"apotheosis:gem":1,"minecraft:item_frame":1},"minecraft:crafted":{"minecraft:birch_planks":16,"minecraft:crafting_table":1,"minecraft:stick":4},"minecraft:used":{"minecraft:torch":1,"minecraft:leather_leggings":1,"minecraft:leather_boots":1},"minecraft:picked_up":{"minecraft:item_frame":1,"minecraft:birch_log":4,"apotheosis:gem":2,"minecraft:torch":1,"minecraft:spruce_slab":1},"minecraft:killed_by":{"minecraft:enderman":3}},"DataVersion":3120}