{"stats":{"minecraft:killed":{"minecraft:pig":1,"minecraft:phantom":1},"minecraft:crafted":{"minecraft:crafting_table":2,"minecraft:stick":8,"minecraft:wooden_pickaxe":1,"atmospheric:laurel_planks":8,"minecraft:birch_planks":44},"minecraft:used":{"minecraft:leather_leggings":1,"minecraft:stone_sword":92,"minecraft:stone_pickaxe":38,"atmospheric:laurel_planks":20,"minecraft:wooden_pickaxe":7,"minecraft:leather_boots":1,"minecraft:stone_axe":30,"minecraft:torch":1,"minecraft:dirt":3,"minecraft:crafting_table":3,"minecraft:porkchop":2},"minecraft:dropped":{"minecraft:wheat_seeds":1,"apotheosis:gem":4,"minecraft:spruce_slab":2,"minecraft:coal":1,"minecraft:item_frame":3,"minecraft:stick":1},"minecraft:killed_by":{"enemyexpansion:sprinter":1,"minecraft:player":1,"enemyexpansion:goblin":1,"minecraft:phantom":2,"minecraft:zombie":1,"minecraft:enderman":3},"minecraft:picked_up":{"minecraft:birch_log":11,"minecraft:crafting_table":3,"apotheosis:gem":5,"minecraft:torch":1,"atmospheric:laurel_log":9,"minecraft:porkchop":2,"minecraft:string":13,"minecraft:dirt":3,"minecraft:item_frame":3,"minecraft:stone_bricks":8,"minecraft:wheat_seeds":1,"atmospheric:laurel_planks":5,"minecraft:spruce_slab":2,"minecraft:coal":32,"minecraft:diamond_hoe":1,"minecraft:cobblestone":23},"minecraft:mined":{"atmospheric:laurel_leaves":3,"atmospheric:laurel_planks":7,"minecraft:birch_log":11,"atmospheric:laurel_log":12,"ars_nouveau:light_block":3,"minecraft:birch_leaves":2,"byg:pink_allium_flower_bush":1,"minecraft:crafting_table":3,"minecraft:torch":1,"minecraft:grass":11,"minecraft:grass_block":1,"minecraft:coal_ore":22,"minecraft:vine":5,"minecraft:dirt":2,"minecraft:cobweb":14,"minecraft:stone":23},"minecraft:custom":{"minecraft:time_since_rest":1636,"enigmaticlegacy:play_time_with_seven_curses":34006,"lootr:looted_stat":4,"minecraft:sprint_one_cm":56167,"minecraft:damage_taken":3673,"minecraft:walk_one_cm":35661,"minecraft:mob_kills":2,"minecraft:drop":11,"minecraft:damage_dealt":1684,"enigmaticlegacy:play_time_without_seven_curses":1444,"minecraft:swim_one_cm":1459,"minecraft:interact_with_crafting_table":6,"minecraft:fly_one_cm":165225,"minecraft:crouch_one_cm":3409,"minecraft:play_time":35788,"minecraft:deaths":11,"minecraft:sneak_time":1739,"minecraft:walk_under_water_one_cm":352,"minecraft:jump":770,"minecraft:leave_game":4,"minecraft:time_since_death":1582,"minecraft:walk_on_water_one_cm":91,"minecraft:total_world_time":35788,"minecraft:climb_one_cm":7110,"minecraft:damage_resisted":0,"minecraft:fall_one_cm":124473}},"DataVersion":3120}