{"stats":{"minecraft:killed":{"minecraft:pig":1,"minecraft:phantom":1},"minecraft:crafted":{"minecraft:crafting_table":2,"minecraft:stick":8,"minecraft:wooden_pickaxe":1,"minecraft:birch_planks":44},"minecraft:used":{"minecraft:leather_leggings":1,"minecraft:stone_sword":17,"minecraft:stone_pickaxe":38,"minecraft:wooden_pickaxe":7,"minecraft:leather_boots":1,"minecraft:stone_axe":2,"minecraft:torch":1,"minecraft:dirt":3,"minecraft:crafting_table":3,"minecraft:porkchop":1},"minecraft:dropped":{"minecraft:wheat_seeds":1,"apotheosis:gem":4,"minecraft:spruce_slab":2,"minecraft:coal":1,"minecraft:stick":1,"minecraft:item_frame":3},"minecraft:killed_by":{"minecraft:player":1,"enemyexpansion:goblin":1,"minecraft:phantom":1,"minecraft:enderman":3},"minecraft:picked_up":{"minecraft:birch_log":11,"minecraft:crafting_table":3,"apotheosis:gem":5,"minecraft:torch":1,"minecraft:porkchop":2,"minecraft:dirt":3,"minecraft:item_frame":3,"minecraft:stone_bricks":8,"minecraft:wheat_seeds":1,"minecraft:spruce_slab":2,"minecraft:coal":32,"minecraft:diamond_hoe":1,"minecraft:cobblestone":23},"minecraft:mined":{"minecraft:birch_log":11,"ars_nouveau:light_block":3,"minecraft:birch_leaves":2,"byg:pink_allium_flower_bush":1,"minecraft:crafting_table":3,"minecraft:torch":1,"minecraft:grass":10,"minecraft:coal_ore":22,"minecraft:grass_block":1,"minecraft:dirt":2,"minecraft:stone":23},"minecraft:custom":{"minecraft:time_since_rest":1227,"enigmaticlegacy:play_time_with_seven_curses":25303,"lootr:looted_stat":4,"minecraft:sprint_one_cm":49719,"minecraft:damage_taken":2386,"minecraft:walk_one_cm":25631,"minecraft:mob_kills":2,"minecraft:drop":11,"minecraft:damage_dealt":632,"enigmaticlegacy:play_time_without_seven_curses":1444,"minecraft:swim_one_cm":1459,"minecraft:interact_with_crafting_table":6,"minecraft:fly_one_cm":148306,"minecraft:crouch_one_cm":1768,"minecraft:play_time":26947,"minecraft:deaths":7,"minecraft:sneak_time":871,"minecraft:walk_under_water_one_cm":352,"minecraft:jump":627,"minecraft:leave_game":3,"minecraft:walk_on_water_one_cm":91,"minecraft:time_since_death":1201,"minecraft:total_world_time":26947,"minecraft:climb_one_cm":4725,"minecraft:damage_resisted":0,"minecraft:fall_one_cm":117883}},"DataVersion":3120}